{
  "edge_count": 540,
  "gauge_fix": {
    "dF_t_hist_tetrahedra": {
      "0": 9450
    },
    "edge_potential_rank": 501,
    "t_hist_vertices": {
      "0": 34,
      "1": 6
    }
  },
  "naive_untwisted": {
    "dF_hist_tetrahedra": {
      "0": 6442,
      "1": 1512,
      "2": 1496
    },
    "dF_nonzero_tetrahedra": 3008
  },
  "parity": {
    "ds_hist_triangles": {
      "0": 3240
    },
    "s_hist_edges": {
      "0": 392,
      "1": 148
    }
  },
  "tetra_count": 9450,
  "transported": {
    "d_sF_hist_tetrahedra": {
      "0": 9450
    }
  },
  "triangle_count": 3240
}