{
  "source": "W33 (SRG(40,12,2,4)) over GF(2): H = ker(A)/im(A) (dim 8) with invariant quadratic form q of minus type",
  "roots_definition": "roots = image in H of the 240 minimal weight-6 kernel generators (line-pair XORs); this yields 120 distinct nonzero H-elements, each with multiplicity 2",
  "root_orbit": "these 120 are exactly the q=1 (nonsingular) orbit in H",
  "generator_to_root": {
    "num_generators": 240,
    "num_distinct_roots": 120,
    "multiplicity_each_root": 2,
    "all_q_values": [
      1
    ]
  },
  "bilinear_form": "b(x,y)=q(x+y)+q(x)+q(y) over GF(2)",
  "root_graph": {
    "vertex_count": 119,
    "edge_rule": "edge between roots x!=y iff b(x,y)=1 (non-orthogonal)",
    "srg_parameters": {
      "v": 119,
      "k": 56,
      "lambda": 28,
      "mu": 24
    },
    "edges": 3360,
    "complement_srg_parameters": {
      "v": 119,
      "k": 63,
      "lambda": 30,
      "mu": 34
    }
  }
}