line_id,points,type
0,0 1 2 3,nonisotropic
1,0 7 8 9,nonisotropic
2,0 10 11 12,nonisotropic
3,0 16 17 18,nonisotropic
4,0 19 20 21,nonisotropic
5,0 25 26 27,nonisotropic
6,0 28 29 30,nonisotropic
7,0 34 35 36,nonisotropic
8,0 37 38 39,nonisotropic
9,1 5 8 11,nonisotropic
10,1 6 9 12,nonisotropic
11,1 14 17 20,nonisotropic
12,1 15 18 21,nonisotropic
13,1 23 26 29,nonisotropic
14,1 24 27 30,nonisotropic
15,1 32 35 38,nonisotropic
16,1 33 36 39,nonisotropic
17,2 5 9 10,nonisotropic
18,2 6 7 11,nonisotropic
19,2 14 18 19,nonisotropic
20,2 15 16 20,nonisotropic
21,2 23 27 28,nonisotropic
22,2 24 25 29,nonisotropic
23,2 32 36 37,nonisotropic
24,2 33 34 38,nonisotropic
25,3 5 7 12,nonisotropic
26,3 6 8 10,nonisotropic
27,3 14 16 21,nonisotropic
28,3 15 17 19,nonisotropic
29,3 23 25 30,nonisotropic
30,3 24 26 28,nonisotropic
31,3 32 34 39,nonisotropic
32,3 33 35 37,nonisotropic
33,4 13 22 31,nonisotropic
34,4 14 23 32,nonisotropic
35,4 15 24 33,nonisotropic
36,4 16 25 34,nonisotropic
37,4 17 26 35,nonisotropic
38,4 18 27 36,nonisotropic
39,4 19 28 37,nonisotropic
40,4 20 29 38,nonisotropic
41,4 21 30 39,nonisotropic
42,5 13 23 33,nonisotropic
43,5 14 24 31,nonisotropic
44,5 15 22 32,nonisotropic
45,5 16 26 36,nonisotropic
46,5 17 27 34,nonisotropic
47,5 18 25 35,nonisotropic
48,6 13 24 32,nonisotropic
49,6 14 22 33,nonisotropic
50,6 15 23 31,nonisotropic
51,6 19 30 38,nonisotropic
52,6 20 28 39,nonisotropic
53,6 21 29 37,nonisotropic
54,7 13 25 37,nonisotropic
55,7 15 27 39,nonisotropic
56,7 16 28 31,nonisotropic
57,7 18 30 33,nonisotropic
58,7 19 22 34,nonisotropic
59,7 21 24 36,nonisotropic
60,8 13 26 39,nonisotropic
61,8 15 25 38,nonisotropic
62,8 16 29 33,nonisotropic
63,8 17 30 31,nonisotropic
64,8 20 24 34,nonisotropic
65,8 21 22 35,nonisotropic
66,9 13 27 38,nonisotropic
67,9 15 26 37,nonisotropic
68,9 17 28 33,nonisotropic
69,9 18 29 31,nonisotropic
70,9 19 24 35,nonisotropic
71,9 20 22 36,nonisotropic
72,10 13 28 34,nonisotropic
73,10 14 29 35,nonisotropic
74,10 16 22 37,nonisotropic
75,10 17 23 38,nonisotropic
76,10 19 25 31,nonisotropic
77,10 20 26 32,nonisotropic
78,11 13 29 36,nonisotropic
79,11 14 30 34,nonisotropic
80,11 16 23 39,nonisotropic
81,11 18 22 38,nonisotropic
82,11 20 27 31,nonisotropic
83,11 21 25 32,nonisotropic
84,12 13 30 35,nonisotropic
85,12 14 28 36,nonisotropic
86,12 17 22 39,nonisotropic
87,12 18 23 37,nonisotropic
88,12 19 27 32,nonisotropic
89,12 21 26 31,nonisotropic
