[
  {
    "orbit_id": 0,
    "size": 6480,
    "J_counts": {
      "2": 1116,
      "1": 1092,
      "0": 4272
    },
    "flat_face_counts": {
      "0": 6480
    },
    "example": [
      0,
      1,
      8,
      17
    ]
  },
  {
    "orbit_id": 1,
    "size": 2880,
    "J_counts": {
      "0": 2080,
      "2": 380,
      "1": 420
    },
    "flat_face_counts": {
      "1": 2880
    },
    "example": [
      0,
      1,
      2,
      9
    ]
  },
  {
    "orbit_id": 2,
    "size": 90,
    "J_counts": {
      "0": 90
    },
    "flat_face_counts": {
      "4": 90
    },
    "example": [
      0,
      1,
      2,
      3
    ]
  }
]