{
  "E_order": [
    "E0",
    "E1",
    "E2",
    "E3",
    "E4"
  ],
  "coeffs": [
    {
      "B0": "1/90",
      "B1": "1/90",
      "B2": "1/90",
      "B3": "1/90",
      "B4": "1/90"
    },
    {
      "B0": "-1/24",
      "B1": "-1/6",
      "B2": "1/24",
      "B3": "0",
      "B4": "1/6"
    },
    {
      "B0": "1/60",
      "B1": "4/15",
      "B2": "1/60",
      "B3": "-1/15",
      "B4": "4/15"
    },
    {
      "B0": "-1/36",
      "B1": "2/9",
      "B2": "-1/36",
      "B3": "1/18",
      "B4": "2/9"
    },
    {
      "B0": "1/24",
      "B1": "-1/3",
      "B2": "-1/24",
      "B3": "0",
      "B4": "1/3"
    }
  ]
}