{
  "PQ_equals_vI": true,
  "P_is_integer": true,
  "QP_equals_vI": true,
  "idempotent_multiplicities": [
    1,
    15,
    24,
    20,
    30
  ],
  "idempotent_pairs_(lambda_Ameet,epsilon_sigma)": [
    [
      32,
      1
    ],
    [
      8,
      -1
    ],
    [
      2,
      1
    ],
    [
      -4,
      1
    ],
    [
      -4,
      -1
    ]
  ],
  "max_idempotent_error_float": 5.551115123125783e-16,
  "max_orthogonality_error_float": 2.04761619182892e-16,
  "max_reconstruct_B_from_E_error_float": 2.220446049250313e-16,
  "max_sumE_minus_I_error_float": 6.938893903907228e-18,
  "spectrum_Ameet": {
    "-4": 50,
    "2": 24,
    "32": 1,
    "8": 15
  }
}