{
  "example_flux_1": {
    "tetra": [
      0,
      1,
      3,
      35
    ],
    "boundary_chain_coeffs": {
      "1-3-35": 1,
      "0-3-35": 2,
      "0-1-35": 1,
      "0-1-3": 2
    },
    "face_F_values": {
      "1-3-35": 2,
      "0-3-35": 2,
      "0-1-35": 1,
      "0-1-3": 0
    },
    "total_flux_mod3": 1
  },
  "example_flux_2": {
    "tetra": [
      0,
      1,
      2,
      36
    ],
    "boundary_chain_coeffs": {
      "1-2-36": 1,
      "0-2-36": 2,
      "0-1-36": 1,
      "0-1-2": 2
    },
    "face_F_values": {
      "1-2-36": 1,
      "0-2-36": 1,
      "0-1-36": 2,
      "0-1-2": 0
    },
    "total_flux_mod3": 2
  }
}