{
  "total_tetrahedra": 9450,
  "flux_counts": {
    "0": 6442,
    "2": 1496,
    "1": 1512
  },
  "flat_faces_by_flux": [
    {
      "flux": 0,
      "flat_faces": 0,
      "count": 4272
    },
    {
      "flux": 0,
      "flat_faces": 1,
      "count": 2080
    },
    {
      "flux": 0,
      "flat_faces": 4,
      "count": 90
    },
    {
      "flux": 1,
      "flat_faces": 0,
      "count": 1092
    },
    {
      "flux": 1,
      "flat_faces": 1,
      "count": 420
    },
    {
      "flux": 2,
      "flat_faces": 0,
      "count": 1116
    },
    {
      "flux": 2,
      "flat_faces": 1,
      "count": 380
    }
  ],
  "interpretation": "A tetrahedron (4-clique) boundary is a 2-cycle (4 triangles). Its Z3 flux equals dF on the tetrahedron. Nonzero flux gives an explicit obstruction cycle of support size 4."
}