{
  "interpretation": {
    "what_line_weights_are": "The 90-line weight model represents the 88D core of H^3 (mod the all-ones gauge); it captures topological 3-cocycles not of the form d(2-cochain).",
    "why_H3_is_zero": "Because dF is, by definition, a 3-coboundary of a global 2-cochain F, its class in H^3 is necessarily 0."
  },
  "result": {
    "dF_H3_coordinates_89_nonzero": 0,
    "dF_hist": {
      "0": 6442,
      "1": 1512,
      "2": 1496
    },
    "dF_line_weights_90_nonzero": 0,
    "dF_nonzero_count": 3008,
    "delta2_free_rank_recomputed": 2739,
    "free_space_dim": 2828,
    "quotient_dim_recomputed": 89
  }
}