{
  "inputs": {
    "h3_basis_bundle": "W33_H3_basis_89_Z3_on_clique_complex_bundle.zip",
    "minimal_flux_bundle_present": true,
    "quotient_bundle": "W33_quotient_closure_complement_and_noniso_line_curvature_bundle.zip",
    "test_bundle": "W33_holonomy_phase_test_bundle.zip"
  },
  "structural_results": {
    "F_is_sourced": true,
    "H3_class_of_J": "0 (exact)",
    "H3_coordinates_of_J_in_basis_89": [
      0,
      0,
      0,
      0,
      0,
      0,
      0,
      0,
      0,
      0,
      0,
      0,
      0,
      0,
      0,
      0,
      0,
      0,
      0,
      0,
      0,
      0,
      0,
      0,
      0,
      0,
      0,
      0,
      0,
      0,
      0,
      0,
      0,
      0,
      0,
      0,
      0,
      0,
      0,
      0,
      0,
      0,
      0,
      0,
      0,
      0,
      0,
      0,
      0,
      0,
      0,
      0,
      0,
      0,
      0,
      0,
      0,
      0,
      0,
      0,
      0,
      0,
      0,
      0,
      0,
      0,
      0,
      0,
      0,
      0,
      0,
      0,
      0,
      0,
      0,
      0,
      0,
      0,
      0,
      0,
      0,
      0,
      0,
      0,
      0,
      0,
      0,
      0,
      0
    ],
    "J_equals_dF_is_coboundary": true,
    "Phi_is_closed": true,
    "Phi_is_exact": true,
    "Phi_potential_edge_1cochain": "a(p,q)=<v_p,v_q> (symplectic pairing)",
    "delta_a_equals_Phi": true,
    "line_weight_coordinates_of_J": "0 (because map factors through H^3)"
  },
  "tetra_counts": {
    "dF_hist": {
      "0": 6442,
      "1": 1512,
      "2": 1496
    },
    "dPhi_hist": {
      "0": 9450
    },
    "flux_crosscheck": {
      "mismatches": 0,
      "nonzero_expected": 3008,
      "performed": true
    },
    "num_tetrahedra": 9450
  },
  "triangle_counts": {
    "D_hist": {
      "0": 1662,
      "1": 802,
      "2": 776
    },
    "F_hist": {
      "0": 360,
      "1": 1432,
      "2": 1448
    },
    "Phi_hist": {
      "0": 810,
      "1": 1248,
      "2": 1182
    },
    "num_triangles": 3240
  }
}