{
  "statement": "Each of the 120 distinct H-roots arises from exactly 2 of the 240 minimal generators; the pair shares the same base point p and differs by the 12-neighbor set of p.",
  "facts": {
    "num_points": 40,
    "line_pairs_per_point": 6,
    "roots_per_point": 3,
    "total_roots": 120,
    "preimages_per_root": 2,
    "xor_difference_weight": 12
  },
  "interpretation": "The 120 roots can be indexed as (point p, perfect matching on the 4 isotropic lines through p). The two preimages correspond to the two complementary line-pairs in that matching."
}