{
  "degree": 90,
  "num_orbitals": 5,
  "orbitals_sizes": [
    2880,
    90,
    2880,
    2160,
    90
  ],
  "relations": [
    {
      "id": 0,
      "size": 2880,
      "row_degree": 32
    },
    {
      "id": 1,
      "size": 90,
      "row_degree": 1,
      "type": "involution_matching"
    },
    {
      "id": 2,
      "size": 2880,
      "row_degree": 32
    },
    {
      "id": 3,
      "size": 2160,
      "row_degree": 24
    },
    {
      "id": 4,
      "size": 90,
      "row_degree": 1,
      "type": "diagonal_identity"
    }
  ],
  "sigma_involution_cycles": {
    "num_2cycles": 45
  }
}