{
  "association_scheme": {
    "degree": 90,
    "involution_pairing": true,
    "joint_modes": [
      {
        "mode": "(+,32)",
        "dim": 1
      },
      {
        "mode": "(+,2)",
        "dim": 24
      },
      {
        "mode": "(+,-4)",
        "dim": 20
      },
      {
        "mode": "(-,8)",
        "dim": 15
      },
      {
        "mode": "(-,-4)",
        "dim": 30
      }
    ],
    "note": "Modes obtained by simultaneous diagonalization of Ameet and the involution S."
  },
  "observables": {
    "m_line": "boundary moment C_lineface*J projected to augmentation (sum=0 mod3)",
    "z_line": "bulk-to-vacuum shadow R*y (sum=0 mod3)"
  },
  "mode_energy_fractions": {
    "m": {
      "(+,32)": 1.5453937006612379e-31,
      "(+,2)": 0.3976190476190474,
      "(+,-4)": 0.24523809523809512,
      "(-,8)": 0.2178571428571428,
      "(-,-4)": 0.13928571428571423
    },
    "z": {
      "(+,32)": 4.817826271157457e-33,
      "(+,2)": 0.17960662525879936,
      "(+,-4)": 0.33902691511387134,
      "(-,8)": 0.09446169772256731,
      "(-,-4)": 0.38690476190476203
    }
  },
  "conclusion": [
    "m and z both live in the 88D augmentation quotient (no (+,32) component in real mean-removed form).",
    "Their energy profiles differ: m is concentrated in (+,2) and (-,8), while z is concentrated in (-,-4) and (+,-4).",
    "This supports that m and z are distinct projections from bulk, not images of one another under a single Aut-equivariant line operator."
  ]
}