{
  "basis_in_H_coords": {
    "W6": [
      [
        1,
        0,
        0,
        0,
        0,
        0,
        0,
        0
      ],
      [
        0,
        1,
        0,
        0,
        0,
        0,
        0,
        0
      ],
      [
        0,
        0,
        1,
        0,
        0,
        1,
        0,
        1
      ],
      [
        0,
        0,
        0,
        1,
        0,
        1,
        0,
        1
      ],
      [
        0,
        0,
        0,
        0,
        1,
        1,
        0,
        1
      ],
      [
        0,
        0,
        0,
        0,
        0,
        0,
        1,
        1
      ]
    ],
    "V2": [
      [
        0,
        0,
        1,
        0,
        0,
        0,
        0,
        0
      ],
      [
        0,
        0,
        0,
        0,
        0,
        1,
        0,
        0
      ]
    ]
  },
  "basis_as_40bit_representatives": {
    "W6_supports": [
      [
        0,
        1,
        5,
        6,
        7,
        10
      ],
      [
        0,
        3,
        5,
        6,
        9,
        11
      ],
      [
        0,
        2,
        5,
        6,
        7,
        8,
        13,
        15,
        16,
        22,
        23,
        26
      ],
      [
        1,
        2,
        5,
        6,
        7,
        8,
        13,
        14,
        19,
        22,
        23,
        26
      ],
      [
        2,
        3,
        5,
        6,
        7,
        8,
        13,
        14,
        16,
        18,
        20,
        22,
        23,
        26
      ],
      [
        1,
        2,
        8,
        9,
        16,
        18,
        25,
        26
      ]
    ],
    "V2_supports": [
      [
        4,
        5,
        6,
        13,
        14,
        15
      ],
      [
        5,
        7,
        8,
        9,
        13,
        14,
        16,
        17,
        18,
        22
      ]
    ]
  },
  "note": "H coords are in the standard K-basis for H=ker(A)/im(A). 40-bit reps are chosen in the K complement."
}