{
  "stabilized_point": 0,
  "stabilizer_order": 1296,
  "factorization": {
    "1296": {
      "2^4": 16,
      "3^4": 81,
      "3^3*48": 1296
    }
  },
  "H_module": {
    "dim": 8,
    "decomposition": "H \u2245 W6 \u2295 V2 under point stabilizer",
    "W6_dim": 6,
    "V2_dim": 2,
    "V2_image_group_order": 6,
    "V2_isomorphic_to": "GL(2,2) \u2245 S3 (observed on quotient block)",
    "W6_group_order": 1296
  },
  "im_module": {
    "dim": 16,
    "decomposition": "im(A) \u2245 U2 \u2295 U6 \u2295 U8 under point stabilizer",
    "U2_dim": 2,
    "U6_dim": 6,
    "U8_dim": 8,
    "U2_fixed": true,
    "U6_group_order": 1296,
    "U8_image_group_order": 432
  }
}