orbit_id,edges,pm,wl_hash
8,8,2,3bcfe4648282d1b3b76d6f42e87e5c5d
5,9,4,444b62b2304e1a19fde52e526911bdcb
11,9,4,444b62b2304e1a19fde52e526911bdcb
7,11,5,87c3ced1ef7832360d99a2d1828a4d93
10,29,81,76e9a62d4db0bed4ed2db1bf5cd1015b
0,30,59,95961405453f90c2f7651c552d3d6d51
13,30,59,95961405453f90c2f7651c552d3d6d51
2,32,72,f17752caa510023dc275e831cb31a26c
1,37,175,a6653935cffc13184d92df4dab5165da
12,37,175,a6653935cffc13184d92df4dab5165da
6,37,305,eb986f63f4638bbd4d7bbd24d6eb00d9
3,38,371,8d1ca5b076f1c4063f70b58c8b536013
9,38,371,8d1ca5b076f1c4063f70b58c8b536013
4,44,710,7e3c2cf939c9e0e70419e49c37d2bcb6
