{
  "canonical_section": "s(h)=min(genA_id,genB_id) for each h (120 roots)",
  "edge_cocycle_weights": {
    "12": 1560,
    "16": 1800
  },
  "triple_count": 1120,
  "triple_cocycle_weights": {
    "12": 520,
    "16": 600
  },
  "distinct_gauge_masks_by_weight": {
    "12": 180,
    "16": 600
  },
  "neighbor_row_exact_hits_in_weight12_edges": 120,
  "neighbor_row_exact_hits_in_weight12_triples": 40,
  "basis_points_for_im_neighbor_basis": [
    0,
    1,
    2,
    3,
    4,
    5,
    6,
    7,
    8,
    9,
    13,
    14,
    16,
    17,
    18,
    23
  ],
  "optimized_dynkin_sign_choice": {
    "0": 1,
    "1": 1,
    "2": 1,
    "3": 0,
    "4": 1,
    "5": 0,
    "6": 1,
    "7": 0
  },
  "optimized_dynkin_edge_weights": [
    {
      "edge": "0-1",
      "gauge_weight": 12
    },
    {
      "edge": "1-2",
      "gauge_weight": 12
    },
    {
      "edge": "2-3",
      "gauge_weight": 0
    },
    {
      "edge": "3-4",
      "gauge_weight": 12
    },
    {
      "edge": "4-5",
      "gauge_weight": 12
    },
    {
      "edge": "5-6",
      "gauge_weight": 12
    },
    {
      "edge": "2-7",
      "gauge_weight": 12
    }
  ],
  "optimized_dynkin_edge_has_zero_gauge": true,
  "notes": [
    "For adjacent projective roots (b=1), H-sum hk=hi^hj is always another root (q(hk)=1).",
    "With the canonical section, the cocycle g(hi,hj) = s(hi)+s(hj)+s(hi^hj) always lies in im(A), and takes only weights 12 or 16 as a 40-bit subset.",
    "These cocycles are naturally attached to the 1120 Steiner triples {a,b,a^b} induced by the b=1 relation.",
    "By choosing signs (preimages) for the 8 E8 simple roots only, we can gauge-fix Dynkin-edge cocycles to all be weight-12 (and one becomes exactly zero)."
  ]
}