{
  "space": "H^3(clique_complex(Q); Z3)",
  "dimension": 89,
  "generators_count": 10,
  "fixed_space_dimension": 0,
  "observed_invariant_submodule": {
    "dimension": 88,
    "how_found": "submodule generated by a random seed that produced dimension 88 in closure experiment",
    "quotient_dimension": 1,
    "quotient_character": "1D character with generator9 acting by 2 (i.e., -1 mod 3) and the other 9 generators acting by 1"
  },
  "quotient_character_lambdas": [
    1,
    1,
    1,
    1,
    1,
    1,
    1,
    1,
    1,
    2
  ],
  "submodule_fixed_space_dimension": 0,
  "submodule_irreducibility_heuristic": "60/60 random seeds generated full 88D submodule under the restricted action; suggests the 88D submodule is irreducible over Z3 (heuristic).",
  "notes": [
    "Correct group action on tetra-cochains requires orientation sign; coefficients are multiplied by 2 for odd reordering parity of the 4 vertices under the point permutation.",
    "With the orientation-corrected action, all 10 generator matrices are invertible (rank 89)."
  ]
}