{
  "q": 13,
  "vq": 30940,
  "construction": "Define 13-label update by normalizing each M\u00f6bius transport so that the image of infinity becomes infinity again: a' = k/(M(a)-M(inf)), with k a nonsquare (k=2) and mapping M(a)=inf to 0. This yields bijective permutations on vq.",
  "generators": 10,
  "all_generators_bijective": true,
  "stabilizer_orbit_sizes": [
    1,
    12,
    2366,
    28561
  ],
  "orbit_count": 4,
  "comparison_to_q_ladder": {
    "expected": [
      1,
      12,
      2197,
      2366,
      26364
    ],
    "observed": [
      1,
      12,
      2366,
      28561
    ],
    "note": "Observed orbits match 1 and q-1 and q^2(q+1); the remaining two expected orbits q^3 and q^3(q-1) appear merged into q^4=28561."
  },
  "interpretation": [
    "This is the first fully bijective vq=30940 action at q=13 derived purely from the projective cocycle.",
    "However, the stabilizer orbit partition currently has 4 orbitals rather than the 5 of the q-ladder scheme; additional structure is needed to split the q^4 orbital into q^3 and q^3(q-1).",
    "Likely sources: enlarging the acting subgroup (more symplectic generators), incorporating commutant data from H_13, or using matching-orbit quotient data beyond pure affine renormalization."
  ]
}