{
  "counts": {
    "J_hist": {
      "0": 6442,
      "1": 1512,
      "2": 1496
    },
    "flat_face_count_hist": {
      "0": 6480,
      "1": 2880,
      "4": 90
    },
    "num_tetrahedra": 9450,
    "orbit_sizes": {
      "0": 6480,
      "1": 2880,
      "2": 90
    }
  },
  "crosscheck": {
    "m_aug_mismatches": 0,
    "matches_m_aug": true,
    "matches_z": true,
    "vacuum_mode_bundle_present": true,
    "z_mismatches": 0
  },
  "inputs": {
    "holonomy_phase_decomp": "W33_holonomy_phase_decomposition_bundle.zip",
    "line_scheme_bundle": "W33_nonisotropic_line_association_scheme_bundle.zip",
    "orbits_bundle": "W33_orbits_squarezero_bundle.zip"
  }
}