triad_from,triad_to,component_id,shared_pair,dropped_w33,added_w33,drop_idx_in_sorted_prev,hol_from,hol_to,hol_flip,comm_k4_mod12,comm_phase_complex,comm_phase_angle_rad
0,1,0,0 1,2,3,2,9,3,1,6,-1.000000000000-0.000000000001j,-3.1415926535886705
0,2,0,0 2,1,3,1,9,9,0,6,-1.000000000000+0.000000000001j,3.141592653589232
0,27,0,1 2,0,3,0,9,3,1,6,-1.000000000000+0.000000000001j,3.141592653589232
1,0,0,0 1,3,2,2,3,9,1,6,-1.000000000000+0.000000000001j,3.1415926535886705
1,2,0,0 3,1,2,1,3,9,1,6,-1.000000000000-0.000000000001j,-3.141592653589232
1,27,0,1 3,0,2,0,3,3,0,6,-1.000000000000-0.000000000001j,-3.141592653589232
2,0,0,0 2,3,1,2,9,9,0,6,-1.000000000000-0.000000000001j,-3.141592653589232
2,1,0,0 3,2,1,1,9,3,1,6,-1.000000000000+0.000000000001j,3.141592653589232
2,27,0,2 3,0,1,0,9,3,1,6,-1.000000000000+0.000000000001j,3.1415926535886705
3,169,1,7 8,0,9,0,9,3,1,6,-1.000000000000+0.000000000001j,3.141592653589232
3,4,1,0 7,8,9,2,9,3,1,6,-1.000000000000-0.000000000001j,-3.1415926535886705
3,5,1,0 8,7,9,1,9,9,0,6,-1.000000000000+0.000000000001j,3.141592653589232
4,169,1,7 9,0,8,0,3,3,0,6,-1.000000000000-0.000000000001j,-3.141592653589232
4,3,1,0 7,9,8,2,3,9,1,6,-1.000000000000+0.000000000001j,3.1415926535886705
4,5,1,0 9,7,8,1,3,9,1,6,-1.000000000000-0.000000000001j,-3.141592653589232
5,169,1,8 9,0,7,0,9,3,1,6,-1.000000000000+0.000000000001j,3.1415926535886705
5,3,1,0 8,9,7,2,9,9,0,6,-1.000000000000-0.000000000001j,-3.141592653589232
5,4,1,0 9,8,7,1,9,3,1,6,-1.000000000000+0.000000000001j,3.141592653589232
6,8,2,0 11,10,12,1,3,3,0,6,-1.000000000000-0.000000000001j,-3.1415926535886705
6,224,2,10 11,0,12,0,3,9,1,6,-1.000000000000-0.000000000001j,-3.1415926535886705
6,7,2,0 10,11,12,2,3,9,1,6,-1.000000000000+0.000000000000j,3.141592653589793
7,8,2,0 12,10,11,1,9,3,1,6,-1.000000000000+0.000000000001j,3.1415926535886705
7,224,2,10 12,0,11,0,9,9,0,6,-1.000000000000+0.000000000001j,3.1415926535886705
7,6,2,0 10,12,11,2,9,3,1,6,-1.000000000000+0.000000000000j,3.141592653589793
8,224,2,11 12,0,10,0,3,9,1,6,-1.000000000000+0.000000000000j,3.141592653589793
8,6,2,0 11,12,10,2,3,3,0,6,-1.000000000000+0.000000000001j,3.1415926535886705
8,7,2,0 12,11,10,1,3,9,1,6,-1.000000000000-0.000000000001j,-3.1415926535886705
9,10,3,0 16,17,18,2,9,3,1,6,-1.000000000000-0.000000000001j,-3.1415926535886705
9,11,3,0 17,16,18,1,9,9,0,6,-1.000000000000+0.000000000000j,3.141592653589793
9,306,3,16 17,0,18,0,9,3,1,6,-1.000000000000+0.000000000001j,3.1415926535886705
10,9,3,0 16,18,17,2,3,9,1,6,-1.000000000000+0.000000000001j,3.1415926535886705
10,306,3,16 18,0,17,0,3,3,0,6,-1.000000000000+0.000000000000j,3.141592653589793
10,11,3,0 18,16,17,1,3,9,1,6,-1.000000000000-0.000000000001j,-3.1415926535886705
11,9,3,0 17,18,16,2,9,9,0,6,-1.000000000000+0.000000000000j,3.141592653589793
11,10,3,0 18,17,16,1,9,3,1,6,-1.000000000000+0.000000000001j,3.1415926535886705
11,306,3,17 18,0,16,0,9,3,1,6,-1.000000000000+0.000000000001j,3.1415926535886705
12,325,4,19 20,0,21,0,3,9,1,6,-1.000000000000-0.000000000001j,-3.141592653589232
12,13,4,0 19,20,21,2,3,9,1,6,-1.000000000000+0.000000000001j,3.1415926535886705
12,14,4,0 20,19,21,1,3,3,0,6,-1.000000000000-0.000000000001j,-3.141592653589232
13,12,4,0 19,21,20,2,9,3,1,6,-1.000000000000-0.000000000001j,-3.1415926535886705
13,325,4,19 21,0,20,0,9,9,0,6,-1.000000000000+0.000000000001j,3.141592653589232
13,14,4,0 21,19,20,1,9,3,1,6,-1.000000000000+0.000000000001j,3.141592653589232
14,325,4,20 21,0,19,0,3,9,1,6,-1.000000000000-0.000000000001j,-3.1415926535886705
14,12,4,0 20,21,19,2,3,3,0,6,-1.000000000000+0.000000000001j,3.141592653589232
14,13,4,0 21,20,19,1,3,9,1,6,-1.000000000000-0.000000000001j,-3.141592653589232
15,16,5,0 25,26,27,2,9,3,1,6,-1.000000000000-0.000000000001j,-3.141592653589232
15,17,5,0 26,25,27,1,9,9,0,6,-1.000000000000+0.000000000001j,3.141592653589232
15,350,5,25 26,0,27,0,9,3,1,6,-1.000000000000+0.000000000001j,3.1415926535886705
16,17,5,0 27,25,26,1,3,9,1,6,-1.000000000000-0.000000000001j,-3.1415926535886705
16,350,5,25 27,0,26,0,3,3,0,6,-1.000000000000-0.000000000001j,-3.141592653589232
16,15,5,0 25,27,26,2,3,9,1,6,-1.000000000000+0.000000000001j,3.141592653589232
17,16,5,0 27,26,25,1,9,3,1,6,-1.000000000000+0.000000000001j,3.1415926535886705
17,350,5,26 27,0,25,0,9,3,1,6,-1.000000000000+0.000000000001j,3.141592653589232
17,15,5,0 26,27,25,2,9,9,0,6,-1.000000000000-0.000000000001j,-3.141592653589232
18,19,6,0 28,29,30,2,3,9,1,6,-1.000000000000+0.000000000001j,3.141592653589232
18,20,6,0 29,28,30,1,3,3,0,6,-1.000000000000-0.000000000001j,-3.141592653589232
18,351,6,28 29,0,30,0,3,9,1,6,-1.000000000000-0.000000000001j,-3.1415926535886705
19,18,6,0 28,30,29,2,9,3,1,6,-1.000000000000-0.000000000001j,-3.141592653589232
19,20,6,0 30,28,29,1,9,3,1,6,-1.000000000000+0.000000000001j,3.1415926535886705
19,351,6,28 30,0,29,0,9,9,0,6,-1.000000000000+0.000000000001j,3.141592653589232
20,18,6,0 29,30,28,2,3,3,0,6,-1.000000000000+0.000000000001j,3.141592653589232
20,19,6,0 30,29,28,1,3,9,1,6,-1.000000000000-0.000000000001j,-3.1415926535886705
20,351,6,29 30,0,28,0,3,9,1,6,-1.000000000000-0.000000000001j,-3.141592653589232
21,358,7,34 35,0,36,0,9,3,1,6,-1.000000000000+0.000000000001j,3.141592653589232
21,22,7,0 34,35,36,2,9,3,1,6,-1.000000000000-0.000000000001j,-3.1415926535886705
21,23,7,0 35,34,36,1,9,9,0,6,-1.000000000000+0.000000000001j,3.141592653589232
22,21,7,0 34,36,35,2,3,9,1,6,-1.000000000000+0.000000000001j,3.1415926535886705
22,358,7,34 36,0,35,0,3,3,0,6,-1.000000000000-0.000000000001j,-3.141592653589232
22,23,7,0 36,34,35,1,3,9,1,6,-1.000000000000-0.000000000001j,-3.141592653589232
23,358,7,35 36,0,34,0,9,3,1,6,-1.000000000000+0.000000000001j,3.1415926535886705
23,21,7,0 35,36,34,2,9,9,0,6,-1.000000000000-0.000000000001j,-3.141592653589232
23,22,7,0 36,35,34,1,9,3,1,6,-1.000000000000+0.000000000001j,3.141592653589232
24,25,8,0 37,38,39,2,3,9,1,6,-1.000000000000+0.000000000001j,3.1415926535886705
24,26,8,0 38,37,39,1,3,3,0,6,-1.000000000000+0.000000000000j,3.141592653589793
24,359,8,37 38,0,39,0,3,9,1,6,-1.000000000000-0.000000000001j,-3.1415926535886705
25,24,8,0 37,39,38,2,9,3,1,6,-1.000000000000-0.000000000001j,-3.1415926535886705
25,26,8,0 39,37,38,1,9,3,1,6,-1.000000000000+0.000000000001j,3.1415926535886705
25,359,8,37 39,0,38,0,9,9,0,6,-1.000000000000+0.000000000000j,3.141592653589793
26,24,8,0 38,39,37,2,3,3,0,6,-1.000000000000+0.000000000000j,3.141592653589793
26,25,8,0 39,38,37,1,3,9,1,6,-1.000000000000-0.000000000001j,-3.1415926535886705
26,359,8,38 39,0,37,0,3,9,1,6,-1.000000000000-0.000000000001j,-3.1415926535886705
27,0,0,1 2,3,0,2,3,9,1,6,-1.000000000000-0.000000000001j,-3.141592653589232
27,1,0,1 3,2,0,1,3,3,0,6,-1.000000000000+0.000000000001j,3.141592653589232
27,2,0,2 3,1,0,0,3,9,1,6,-1.000000000000-0.000000000001j,-3.1415926535886705
28,32,9,1 8,5,11,1,3,3,0,6,-1.000000000000+0.000000000000j,3.141592653589793
28,128,9,5 8,1,11,0,3,9,1,6,-1.000000000000-0.000000000001j,-3.141592653589232
28,29,9,1 5,8,11,2,3,9,1,6,-1.000000000000+0.000000000000j,3.141592653589793
29,32,9,1 11,5,8,1,9,3,1,6,-1.000000000000+0.000000000001j,3.141592653589232
29,28,9,1 5,11,8,2,9,3,1,6,-1.000000000000-0.000000000000j,-3.141592653589793
29,128,9,5 11,1,8,0,9,9,0,6,-1.000000000000+0.000000000000j,3.141592653589793
30,33,10,1 9,6,12,1,9,9,0,6,-1.000000000000+0.000000000000j,3.141592653589793
30,150,10,6 9,1,12,0,9,3,1,6,-1.000000000000+0.000000000001j,3.141592653589232
30,31,10,1 6,9,12,2,9,3,1,6,-1.000000000000-0.000000000000j,-3.141592653589793
31,33,10,1 12,6,9,1,3,9,1,6,-1.000000000000-0.000000000001j,-3.141592653589232
31,150,10,6 12,1,9,0,3,3,0,6,-1.000000000000-0.000000000000j,-3.141592653589793
31,30,10,1 6,12,9,2,3,9,1,6,-1.000000000000+0.000000000000j,3.141592653589793
32,128,9,8 11,1,5,0,3,9,1,6,-1.000000000000+0.000000000000j,3.141592653589793
32,28,9,1 8,11,5,2,3,3,0,6,-1.000000000000+0.000000000000j,3.141592653589793
32,29,9,1 11,8,5,1,3,9,1,6,-1.000000000000-0.000000000001j,-3.141592653589232
33,150,10,9 12,1,6,0,9,3,1,6,-1.000000000000+0.000000000000j,3.141592653589793
33,30,10,1 9,12,6,2,9,9,0,6,-1.000000000000+0.000000000000j,3.141592653589793
33,31,10,1 12,9,6,1,9,3,1,6,-1.000000000000+0.000000000001j,3.141592653589232
34,289,11,14 17,1,20,0,3,9,1,6,-1.000000000000-0.000000000000j,-3.1415926535895125
34,35,11,1 14,17,20,2,3,9,1,6,-1.000000000000-0.000000000001j,-3.141592653588951
34,38,11,1 17,14,20,1,3,3,0,6,-1.000000000000-0.000000000001j,-3.141592653589232
35,289,11,14 20,1,17,0,9,9,0,6,-1.000000000000+0.000000000001j,3.141592653589232
35,34,11,1 14,20,17,2,9,3,1,6,-1.000000000000+0.000000000001j,3.141592653588951
35,38,11,1 20,14,17,1,9,3,1,6,-1.000000000000+0.000000000000j,3.1415926535895125
36,299,12,15 18,1,21,0,9,3,1,6,-1.000000000000-0.000000000000j,-3.141592653589793
36,37,12,1 15,18,21,2,9,3,1,6,-1.000000000000+0.000000000001j,3.141592653588951
36,39,12,1 18,15,21,1,9,9,0,6,-1.000000000000-0.000000000000j,-3.1415926535895125
37,299,12,15 21,1,18,0,3,3,0,6,-1.000000000000+0.000000000000j,3.141592653589513
37,36,12,1 15,21,18,2,3,9,1,6,-1.000000000000-0.000000000001j,-3.141592653588951
37,39,12,1 21,15,18,1,3,9,1,6,-1.000000000000+0.000000000000j,3.141592653589793
38,289,11,17 20,1,14,0,3,9,1,6,-1.000000000000+0.000000000001j,3.141592653588951
38,34,11,1 17,20,14,2,3,3,0,6,-1.000000000000+0.000000000001j,3.141592653589232
38,35,11,1 20,17,14,1,3,9,1,6,-1.000000000000-0.000000000000j,-3.1415926535895125
39,299,12,18 21,1,15,0,9,3,1,6,-1.000000000000-0.000000000001j,-3.141592653588951
39,36,12,1 18,21,15,2,9,9,0,6,-1.000000000000+0.000000000000j,3.1415926535895125
39,37,12,1 21,18,15,1,9,3,1,6,-1.000000000000-0.000000000000j,-3.141592653589793
40,345,13,23 26,1,29,0,3,9,1,6,-1.000000000000-0.000000000001j,-3.141592653589232
40,41,13,1 23,26,29,2,3,9,1,6,-1.000000000000+0.000000000000j,3.141592653589793
40,44,13,1 26,23,29,1,3,3,0,6,-1.000000000000-0.000000000001j,-3.141592653589232
41,40,13,1 23,29,26,2,9,3,1,6,-1.000000000000+0.000000000000j,3.141592653589793
41,345,13,23 29,1,26,0,9,9,0,6,-1.000000000000+0.000000000001j,3.141592653589232
41,44,13,1 29,23,26,1,9,3,1,6,-1.000000000000+0.000000000001j,3.141592653589232
42,43,14,1 24,27,30,2,9,3,1,6,-1.000000000000-0.000000000000j,-3.141592653589793
42,349,14,24 27,1,30,0,9,3,1,6,-1.000000000000+0.000000000000j,3.141592653589793
42,45,14,1 27,24,30,1,9,9,0,6,-1.000000000000+0.000000000000j,3.141592653589793
43,42,14,1 24,30,27,2,3,9,1,6,-1.000000000000+0.000000000000j,3.141592653589793
43,349,14,24 30,1,27,0,3,3,0,6,-1.000000000000-0.000000000000j,-3.141592653589793
43,45,14,1 30,24,27,1,3,9,1,6,-1.000000000000-0.000000000000j,-3.141592653589793
44,40,13,1 26,29,23,2,3,3,0,6,-1.000000000000+0.000000000001j,3.141592653589232
44,41,13,1 29,26,23,1,3,9,1,6,-1.000000000000-0.000000000001j,-3.141592653589232
44,345,13,26 29,1,23,0,3,9,1,6,-1.000000000000+0.000000000000j,3.141592653589793
45,42,14,1 27,30,24,2,9,9,0,6,-1.000000000000-0.000000000000j,-3.141592653589793
45,43,14,1 30,27,24,1,9,3,1,6,-1.000000000000+0.000000000000j,3.141592653589793
45,349,14,27 30,1,24,0,9,3,1,6,-1.000000000000-0.000000000000j,-3.141592653589793
46,353,15,32 35,1,38,0,3,9,1,6,-1.000000000000-0.000000000001j,-3.141592653589232
46,50,15,1 35,32,38,1,3,3,0,6,-1.000000000000-0.000000000000j,-3.1415926535895125
46,47,15,1 32,35,38,2,3,9,1,6,-1.000000000000-0.000000000001j,-3.141592653588951
47,353,15,32 38,1,35,0,9,9,0,6,-1.000000000000+0.000000000000j,3.1415926535895125
47,50,15,1 38,32,35,1,9,3,1,6,-1.000000000000+0.000000000001j,3.141592653589232
47,46,15,1 32,38,35,2,9,3,1,6,-1.000000000000+0.000000000001j,3.141592653588951
48,49,16,1 33,36,39,2,9,3,1,6,-1.000000000000+0.000000000001j,3.141592653588951
48,51,16,1 36,33,39,1,9,9,0,6,-1.000000000000+0.000000000000j,3.141592653589793
48,357,16,33 36,1,39,0,9,3,1,6,-1.000000000000-0.000000000000j,-3.1415926535895125
49,48,16,1 33,39,36,2,3,9,1,6,-1.000000000000-0.000000000001j,-3.141592653588951
49,51,16,1 39,33,36,1,3,9,1,6,-1.000000000000+0.000000000000j,3.1415926535895125
49,357,16,33 39,1,36,0,3,3,0,6,-1.000000000000+0.000000000000j,3.141592653589793
50,353,15,35 38,1,32,0,3,9,1,6,-1.000000000000+0.000000000001j,3.141592653588951
50,46,15,1 35,38,32,2,3,3,0,6,-1.000000000000+0.000000000000j,3.1415926535895125
50,47,15,1 38,35,32,1,3,9,1,6,-1.000000000000-0.000000000001j,-3.141592653589232
51,48,16,1 36,39,33,2,9,9,0,6,-1.000000000000+0.000000000000j,3.141592653589793
51,49,16,1 39,36,33,1,9,3,1,6,-1.000000000000-0.000000000000j,-3.1415926535895125
51,357,16,36 39,1,33,0,9,3,1,6,-1.000000000000-0.000000000001j,-3.141592653588951
52,57,17,2 9,5,10,1,3,3,0,6,-1.000000000000-0.000000000001j,-3.1415926535886705
52,129,17,5 9,2,10,0,3,9,1,6,-1.000000000000-0.000000000001j,-3.141592653589232
52,53,17,2 5,9,10,2,3,9,1,6,-1.000000000000-0.000000000001j,-3.141592653589232
53,57,17,2 10,5,9,1,9,3,1,6,-1.000000000000+0.000000000001j,3.141592653589232
53,129,17,5 10,2,9,0,9,9,0,6,-1.000000000000+0.000000000001j,3.1415926535886705
53,52,17,2 5,10,9,2,9,3,1,6,-1.000000000000+0.000000000001j,3.141592653589232
54,56,18,2 7,6,11,1,9,9,0,6,-1.000000000000+0.000000000000j,3.141592653589793
54,148,18,6 7,2,11,0,9,3,1,6,-1.000000000000-0.000000000000j,-3.141592653589793
54,55,18,2 6,7,11,2,9,3,1,6,-1.000000000000+0.000000000001j,3.141592653589232
55,56,18,2 11,6,7,1,3,9,1,6,-1.000000000000+0.000000000000j,3.141592653589793
55,148,18,6 11,2,7,0,3,3,0,6,-1.000000000000+0.000000000000j,3.141592653589793
55,54,18,2 6,11,7,2,3,9,1,6,-1.000000000000-0.000000000001j,-3.141592653589232
56,148,18,7 11,2,6,0,9,3,1,6,-1.000000000000-0.000000000001j,-3.141592653589232
56,54,18,2 7,11,6,2,9,9,0,6,-1.000000000000-0.000000000000j,-3.141592653589793
56,55,18,2 11,7,6,1,9,3,1,6,-1.000000000000+0.000000000000j,3.141592653589793
57,129,17,9 10,2,5,0,3,9,1,6,-1.000000000000+0.000000000001j,3.141592653589232
57,52,17,2 9,10,5,2,3,3,0,6,-1.000000000000+0.000000000001j,3.1415926535886705
57,53,17,2 10,9,5,1,3,9,1,6,-1.000000000000-0.000000000001j,-3.141592653589232
58,290,19,14 18,2,19,0,3,9,1,6,-1.000000000000+0.000000000000j,3.1415926535895125
58,59,19,2 14,18,19,2,3,9,1,6,-1.000000000000-0.000000000000j,-3.1415926535895125
58,63,19,2 18,14,19,1,3,3,0,6,-1.000000000000-0.000000000001j,-3.141592653589232
59,58,19,2 14,19,18,2,9,3,1,6,-1.000000000000+0.000000000000j,3.1415926535895125
59,290,19,14 19,2,18,0,9,9,0,6,-1.000000000000+0.000000000001j,3.141592653589232
59,63,19,2 19,14,18,1,9,3,1,6,-1.000000000000-0.000000000000j,-3.1415926535895125
60,297,20,15 16,2,20,0,9,3,1,6,-1.000000000000+0.000000000001j,3.141592653589232
60,61,20,2 15,16,20,2,9,3,1,6,-1.000000000000+0.000000000000j,3.1415926535895125
60,62,20,2 16,15,20,1,9,9,0,6,-1.000000000000+0.000000000000j,3.1415926535895125
61,297,20,15 20,2,16,0,3,3,0,6,-1.000000000000-0.000000000000j,-3.1415926535895125
61,60,20,2 15,20,16,2,3,9,1,6,-1.000000000000-0.000000000000j,-3.1415926535895125
61,62,20,2 20,15,16,1,3,9,1,6,-1.000000000000-0.000000000001j,-3.141592653589232
62,297,20,16 20,2,15,0,9,3,1,6,-1.000000000000-0.000000000000j,-3.1415926535895125
62,60,20,2 16,20,15,2,9,9,0,6,-1.000000000000-0.000000000000j,-3.1415926535895125
62,61,20,2 20,16,15,1,9,3,1,6,-1.000000000000+0.000000000001j,3.141592653589232
63,58,19,2 18,19,14,2,3,3,0,6,-1.000000000000+0.000000000001j,3.141592653589232
63,59,19,2 19,18,14,1,3,9,1,6,-1.000000000000+0.000000000000j,3.1415926535895125
63,290,19,18 19,2,14,0,3,9,1,6,-1.000000000000+0.000000000000j,3.1415926535895125
64,65,21,2 23,27,28,2,3,9,1,6,-1.000000000000-0.000000000001j,-3.141592653589232
64,346,21,23 27,2,28,0,3,9,1,6,-1.000000000000+0.000000000000j,3.141592653589793
64,69,21,2 27,23,28,1,3,3,0,6,-1.000000000000-0.000000000001j,-3.141592653589232
65,64,21,2 23,28,27,2,9,3,1,6,-1.000000000000+0.000000000001j,3.141592653589232
65,346,21,23 28,2,27,0,9,9,0,6,-1.000000000000+0.000000000001j,3.141592653589232
65,69,21,2 28,23,27,1,9,3,1,6,-1.000000000000+0.000000000000j,3.141592653589793
66,347,22,24 25,2,29,0,9,3,1,6,-1.000000000000+0.000000000001j,3.141592653589232
66,67,22,2 24,25,29,2,9,3,1,6,-1.000000000000+0.000000000001j,3.141592653589232
66,68,22,2 25,24,29,1,9,9,0,6,-1.000000000000+0.000000000001j,3.141592653589232
67,66,22,2 24,29,25,2,3,9,1,6,-1.000000000000-0.000000000001j,-3.141592653589232
67,347,22,24 29,2,25,0,3,3,0,6,-1.000000000000-0.000000000001j,-3.141592653589232
67,68,22,2 29,24,25,1,3,9,1,6,-1.000000000000-0.000000000001j,-3.141592653589232
68,347,22,25 29,2,24,0,9,3,1,6,-1.000000000000-0.000000000001j,-3.141592653589232
68,66,22,2 25,29,24,2,9,9,0,6,-1.000000000000-0.000000000001j,-3.141592653589232
68,67,22,2 29,25,24,1,9,3,1,6,-1.000000000000+0.000000000001j,3.141592653589232
69,64,21,2 27,28,23,2,3,3,0,6,-1.000000000000+0.000000000001j,3.141592653589232
69,65,21,2 28,27,23,1,3,9,1,6,-1.000000000000+0.000000000000j,3.141592653589793
69,346,21,27 28,2,23,0,3,9,1,6,-1.000000000000+0.000000000001j,3.141592653589232
70,354,23,32 36,2,37,0,3,9,1,6,-1.000000000000+0.000000000000j,3.141592653589793
70,75,23,2 36,32,37,1,3,3,0,6,-1.000000000000-0.000000000000j,-3.1415926535895125
70,71,23,2 32,36,37,2,3,9,1,6,-1.000000000000-0.000000000001j,-3.141592653588951
71,354,23,32 37,2,36,0,9,9,0,6,-1.000000000000+0.000000000000j,3.1415926535895125
71,75,23,2 37,32,36,1,9,3,1,6,-1.000000000000-0.000000000000j,-3.141592653589793
71,70,23,2 32,37,36,2,9,3,1,6,-1.000000000000+0.000000000001j,3.141592653588951
72,73,24,2 33,34,38,2,9,3,1,6,-1.000000000000+0.000000000001j,3.141592653588951
72,74,24,2 34,33,38,1,9,9,0,6,-1.000000000000+0.000000000001j,3.141592653589232
72,355,24,33 34,2,38,0,9,3,1,6,-1.000000000000+0.000000000000j,3.1415926535895125
73,72,24,2 33,38,34,2,3,9,1,6,-1.000000000000-0.000000000001j,-3.141592653588951
73,74,24,2 38,33,34,1,3,9,1,6,-1.000000000000-0.000000000000j,-3.1415926535895125
73,355,24,33 38,2,34,0,3,3,0,6,-1.000000000000-0.000000000001j,-3.141592653589232
74,72,24,2 34,38,33,2,9,9,0,6,-1.000000000000-0.000000000001j,-3.141592653589232
74,73,24,2 38,34,33,1,9,3,1,6,-1.000000000000+0.000000000000j,3.1415926535895125
74,355,24,34 38,2,33,0,9,3,1,6,-1.000000000000-0.000000000001j,-3.141592653588951
75,354,23,36 37,2,32,0,3,9,1,6,-1.000000000000+0.000000000001j,3.141592653588951
75,70,23,2 36,37,32,2,3,3,0,6,-1.000000000000+0.000000000000j,3.1415926535895125
75,71,23,2 37,36,32,1,3,9,1,6,-1.000000000000+0.000000000000j,3.141592653589793
76,80,25,3 7,5,12,1,3,3,0,6,-1.000000000000-0.000000000000j,-3.141592653589793
76,77,25,3 5,7,12,2,3,9,1,6,-1.000000000000-0.000000000001j,-3.141592653589232
76,127,25,5 7,3,12,0,3,9,1,6,-1.000000000000+0.000000000000j,3.141592653589793
77,80,25,3 12,5,7,1,9,3,1,6,-1.000000000000+0.000000000000j,3.141592653589793
77,76,25,3 5,12,7,2,9,3,1,6,-1.000000000000+0.000000000001j,3.141592653589232
77,127,25,5 12,3,7,0,9,9,0,6,-1.000000000000+0.000000000000j,3.141592653589793
78,81,26,3 8,6,10,1,9,9,0,6,-1.000000000000+0.000000000001j,3.1415926535886705
78,149,26,6 8,3,10,0,9,3,1,6,-1.000000000000+0.000000000001j,3.141592653589232
78,79,26,3 6,8,10,2,9,3,1,6,-1.000000000000+0.000000000001j,3.141592653589232
79,81,26,3 10,6,8,1,3,9,1,6,-1.000000000000-0.000000000001j,-3.141592653589232
79,149,26,6 10,3,8,0,3,3,0,6,-1.000000000000-0.000000000001j,-3.1415926535886705
79,78,26,3 6,10,8,2,3,9,1,6,-1.000000000000-0.000000000001j,-3.141592653589232
80,76,25,3 7,12,5,2,3,3,0,6,-1.000000000000+0.000000000000j,3.141592653589793
80,77,25,3 12,7,5,1,3,9,1,6,-1.000000000000+0.000000000000j,3.141592653589793
80,127,25,7 12,3,5,0,3,9,1,6,-1.000000000000+0.000000000001j,3.141592653589232
81,149,26,8 10,3,6,0,9,3,1,6,-1.000000000000-0.000000000001j,-3.141592653589232
81,78,26,3 8,10,6,2,9,9,0,6,-1.000000000000-0.000000000001j,-3.1415926535886705
81,79,26,3 10,8,6,1,9,3,1,6,-1.000000000000+0.000000000001j,3.141592653589232
82,288,27,14 16,3,21,0,3,9,1,6,-1.000000000000-0.000000000000j,-3.1415926535895125
82,83,27,3 14,16,21,2,3,9,1,6,-1.000000000000-0.000000000001j,-3.141592653588951
82,86,27,3 16,14,21,1,3,3,0,6,-1.000000000000+0.000000000000j,3.141592653589793
83,288,27,14 21,3,16,0,9,9,0,6,-1.000000000000+0.000000000000j,3.141592653589793
83,82,27,3 14,21,16,2,9,3,1,6,-1.000000000000+0.000000000001j,3.141592653588951
83,86,27,3 21,14,16,1,9,3,1,6,-1.000000000000+0.000000000000j,3.1415926535895125
84,298,28,15 17,3,19,0,9,3,1,6,-1.000000000000+0.000000000001j,3.141592653589232
84,85,28,3 15,17,19,2,9,3,1,6,-1.000000000000+0.000000000001j,3.141592653588951
84,87,28,3 17,15,19,1,9,9,0,6,-1.000000000000+0.000000000000j,3.1415926535895125
85,298,28,15 19,3,17,0,3,3,0,6,-1.000000000000-0.000000000000j,-3.1415926535895125
85,84,28,3 15,19,17,2,3,9,1,6,-1.000000000000-0.000000000001j,-3.141592653588951
85,87,28,3 19,15,17,1,3,9,1,6,-1.000000000000-0.000000000001j,-3.141592653589232
86,288,27,16 21,3,14,0,3,9,1,6,-1.000000000000+0.000000000001j,3.141592653588951
86,82,27,3 16,21,14,2,3,3,0,6,-1.000000000000-0.000000000000j,-3.141592653589793
86,83,27,3 21,16,14,1,3,9,1,6,-1.000000000000-0.000000000000j,-3.1415926535895125
87,298,28,17 19,3,15,0,9,3,1,6,-1.000000000000-0.000000000001j,-3.141592653588951
87,84,28,3 17,19,15,2,9,9,0,6,-1.000000000000-0.000000000000j,-3.1415926535895125
87,85,28,3 19,17,15,1,9,3,1,6,-1.000000000000+0.000000000001j,3.141592653589232
88,344,29,23 25,3,30,0,3,9,1,6,-1.000000000000-0.000000000001j,-3.141592653589232
88,89,29,3 23,25,30,2,3,9,1,6,-1.000000000000-0.000000000001j,-3.141592653589232
88,92,29,3 25,23,30,1,3,3,0,6,-1.000000000000+0.000000000000j,3.141592653589793
89,88,29,3 23,30,25,2,9,3,1,6,-1.000000000000+0.000000000001j,3.141592653589232
89,344,29,23 30,3,25,0,9,9,0,6,-1.000000000000+0.000000000000j,3.141592653589793
89,92,29,3 30,23,25,1,9,3,1,6,-1.000000000000+0.000000000001j,3.141592653589232
90,91,30,3 24,26,28,2,9,3,1,6,-1.000000000000+0.000000000001j,3.141592653589232
90,348,30,24 26,3,28,0,9,3,1,6,-1.000000000000+0.000000000001j,3.141592653589232
90,93,30,3 26,24,28,1,9,9,0,6,-1.000000000000+0.000000000001j,3.141592653589232
91,90,30,3 24,28,26,2,3,9,1,6,-1.000000000000-0.000000000001j,-3.141592653589232
91,348,30,24 28,3,26,0,3,3,0,6,-1.000000000000-0.000000000001j,-3.141592653589232
91,93,30,3 28,24,26,1,3,9,1,6,-1.000000000000-0.000000000001j,-3.141592653589232
92,88,29,3 25,30,23,2,3,3,0,6,-1.000000000000+0.000000000000j,3.141592653589793
92,89,29,3 30,25,23,1,3,9,1,6,-1.000000000000-0.000000000001j,-3.141592653589232
92,344,29,25 30,3,23,0,3,9,1,6,-1.000000000000+0.000000000001j,3.141592653589232
93,90,30,3 26,28,24,2,9,9,0,6,-1.000000000000-0.000000000001j,-3.141592653589232
93,91,30,3 28,26,24,1,9,3,1,6,-1.000000000000+0.000000000001j,3.141592653589232
93,348,30,26 28,3,24,0,9,3,1,6,-1.000000000000-0.000000000001j,-3.141592653589232
94,352,31,32 34,3,39,0,3,9,1,6,-1.000000000000-0.000000000001j,-3.141592653589232
94,98,31,3 34,32,39,1,3,3,0,6,-1.000000000000+0.000000000000j,3.1415926535895125
94,95,31,3 32,34,39,2,3,9,1,6,-1.000000000000-0.000000000000j,-3.1415926535895125
95,352,31,32 39,3,34,0,9,9,0,6,-1.000000000000-0.000000000000j,-3.1415926535895125
95,98,31,3 39,32,34,1,9,3,1,6,-1.000000000000+0.000000000001j,3.141592653589232
95,94,31,3 32,39,34,2,9,3,1,6,-1.000000000000+0.000000000000j,3.1415926535895125
96,97,32,3 33,35,37,2,9,3,1,6,-1.000000000000+0.000000000000j,3.1415926535895125
96,99,32,3 35,33,37,1,9,9,0,6,-1.000000000000+0.000000000001j,3.141592653589232
96,356,32,33 35,3,37,0,9,3,1,6,-1.000000000000+0.000000000000j,3.1415926535895125
97,96,32,3 33,37,35,2,3,9,1,6,-1.000000000000-0.000000000000j,-3.1415926535895125
97,99,32,3 37,33,35,1,3,9,1,6,-1.000000000000-0.000000000000j,-3.1415926535895125
97,356,32,33 37,3,35,0,3,3,0,6,-1.000000000000-0.000000000001j,-3.141592653589232
98,352,31,34 39,3,32,0,3,9,1,6,-1.000000000000+0.000000000000j,3.1415926535895125
98,94,31,3 34,39,32,2,3,3,0,6,-1.000000000000-0.000000000000j,-3.1415926535895125
98,95,31,3 39,34,32,1,3,9,1,6,-1.000000000000-0.000000000001j,-3.141592653589232
99,96,32,3 35,37,33,2,9,9,0,6,-1.000000000000-0.000000000001j,-3.141592653589232
99,97,32,3 37,35,33,1,9,3,1,6,-1.000000000000+0.000000000000j,3.1415926535895125
99,356,32,35 37,3,33,0,9,3,1,6,-1.000000000000-0.000000000000j,-3.1415926535895125
100,101,33,4 13,22,31,2,3,9,1,6,-1.000000000000+0.000000000001j,3.141592653589232
100,118,33,4 22,13,31,1,3,3,0,6,-1.000000000000-0.000000000001j,-3.1415926535886705
100,279,33,13 22,4,31,0,3,9,1,6,-1.000000000000-0.000000000001j,-3.141592653589232
101,100,33,4 13,31,22,2,9,3,1,6,-1.000000000000-0.000000000001j,-3.141592653589232
101,118,33,4 31,13,22,1,9,3,1,6,-1.000000000000+0.000000000001j,3.141592653589232
101,279,33,13 31,4,22,0,9,9,0,6,-1.000000000000+0.000000000001j,3.1415926535886705
102,119,34,4 23,14,32,1,3,3,0,6,-1.000000000000+0.000000000000j,3.141592653589793
102,292,34,14 23,4,32,0,3,9,1,6,-1.000000000000-0.000000000001j,-3.1415926535886705
102,103,34,4 14,23,32,2,3,9,1,6,-1.000000000000+0.000000000001j,3.1415926535886705
103,292,34,14 32,4,23,0,9,9,0,6,-1.000000000000+0.000000000000j,3.141592653589793
103,102,34,4 14,32,23,2,9,3,1,6,-1.000000000000-0.000000000001j,-3.1415926535886705
103,119,34,4 32,14,23,1,9,3,1,6,-1.000000000000+0.000000000001j,3.1415926535886705
104,120,35,4 24,15,33,1,3,3,0,6,-1.000000000000-0.000000000001j,-3.1415926535886705
104,105,35,4 15,24,33,2,3,9,1,6,-1.000000000000+0.000000000001j,3.141592653589232
104,302,35,15 24,4,33,0,3,9,1,6,-1.000000000000-0.000000000001j,-3.141592653589232
105,104,35,4 15,33,24,2,9,3,1,6,-1.000000000000-0.000000000001j,-3.141592653589232
105,120,35,4 33,15,24,1,9,3,1,6,-1.000000000000+0.000000000001j,3.141592653589232
105,302,35,15 33,4,24,0,9,9,0,6,-1.000000000000+0.000000000001j,3.1415926535886705
106,121,36,4 25,16,34,1,3,3,0,6,-1.000000000000+0.000000000001j,3.141592653589232
106,107,36,4 16,25,34,2,3,9,1,6,-1.000000000000+0.000000000000j,3.141592653589793
106,309,36,16 25,4,34,0,3,9,1,6,-1.000000000000+0.000000000000j,3.141592653589793
107,121,36,4 34,16,25,1,9,3,1,6,-1.000000000000-0.000000000000j,-3.141592653589793
107,106,36,4 16,34,25,2,9,3,1,6,-1.000000000000+0.000000000000j,3.141592653589793
107,309,36,16 34,4,25,0,9,9,0,6,-1.000000000000-0.000000000001j,-3.141592653589232
108,122,37,4 26,17,35,1,3,3,0,6,-1.000000000000+0.000000000001j,3.141592653589232
108,316,37,17 26,4,35,0,3,9,1,6,-1.000000000000+0.000000000001j,3.141592653589232
108,109,37,4 17,26,35,2,3,9,1,6,-1.000000000000-0.000000000001j,-3.1415926535886705
109,122,37,4 35,17,26,1,9,3,1,6,-1.000000000000-0.000000000001j,-3.141592653589232
109,108,37,4 17,35,26,2,9,3,1,6,-1.000000000000+0.000000000001j,3.1415926535886705
109,316,37,17 35,4,26,0,9,9,0,6,-1.000000000000-0.000000000001j,-3.141592653589232
110,322,38,18 27,4,36,0,3,9,1,6,-1.000000000000+0.000000000001j,3.141592653589232
110,123,38,4 27,18,36,1,3,3,0,6,-1.000000000000+0.000000000000j,3.141592653589793
110,111,38,4 18,27,36,2,3,9,1,6,-1.000000000000+0.000000000000j,3.141592653589793
111,322,38,18 36,4,27,0,9,9,0,6,-1.000000000000+0.000000000000j,3.141592653589793
111,123,38,4 36,18,27,1,9,3,1,6,-1.000000000000-0.000000000001j,-3.141592653589232
111,110,38,4 18,36,27,2,9,3,1,6,-1.000000000000-0.000000000000j,-3.141592653589793
112,113,39,4 19,28,37,2,3,9,1,6,-1.000000000000-0.000000000000j,-3.141592653589793
112,330,39,19 28,4,37,0,3,9,1,6,-1.000000000000+0.000000000000j,3.141592653589793
112,124,39,4 28,19,37,1,3,3,0,6,-1.000000000000+0.000000000001j,3.141592653589232
113,112,39,4 19,37,28,2,9,3,1,6,-1.000000000000+0.000000000000j,3.141592653589793
113,330,39,19 37,4,28,0,9,9,0,6,-1.000000000000-0.000000000001j,-3.141592653589232
113,124,39,4 37,19,28,1,9,3,1,6,-1.000000000000-0.000000000000j,-3.141592653589793
114,336,40,20 29,4,38,0,3,9,1,6,-1.000000000000+0.000000000001j,3.1415926535886705
114,115,40,4 20,29,38,2,3,9,1,6,-1.000000000000-0.000000000001j,-3.141592653589232
114,125,40,4 29,20,38,1,3,3,0,6,-1.000000000000+0.000000000001j,3.141592653589232
115,336,40,20 38,4,29,0,9,9,0,6,-1.000000000000-0.000000000001j,-3.141592653589232
115,114,40,4 20,38,29,2,9,3,1,6,-1.000000000000+0.000000000001j,3.141592653589232
115,125,40,4 38,20,29,1,9,3,1,6,-1.000000000000-0.000000000001j,-3.1415926535886705
116,117,41,4 21,30,39,2,3,9,1,6,-1.000000000000-0.000000000001j,-3.141592653589232
116,126,41,4 30,21,39,1,3,3,0,6,-1.000000000000+0.000000000000j,3.141592653589793
116,343,41,21 30,4,39,0,3,9,1,6,-1.000000000000+0.000000000000j,3.141592653589793
117,116,41,4 21,39,30,2,9,3,1,6,-1.000000000000+0.000000000001j,3.141592653589232
117,126,41,4 39,21,30,1,9,3,1,6,-1.000000000000-0.000000000000j,-3.141592653589793
117,343,41,21 39,4,30,0,9,9,0,6,-1.000000000000-0.000000000000j,-3.141592653589793
118,100,33,4 22,31,13,2,3,3,0,6,-1.000000000000+0.000000000001j,3.1415926535886705
118,101,33,4 31,22,13,1,3,9,1,6,-1.000000000000-0.000000000001j,-3.141592653589232
118,279,33,22 31,4,13,0,3,9,1,6,-1.000000000000-0.000000000001j,-3.141592653589232
119,292,34,23 32,4,14,0,3,9,1,6,-1.000000000000-0.000000000001j,-3.1415926535886705
119,102,34,4 23,32,14,2,3,3,0,6,-1.000000000000+0.000000000000j,3.141592653589793
119,103,34,4 32,23,14,1,3,9,1,6,-1.000000000000-0.000000000001j,-3.1415926535886705
120,104,35,4 24,33,15,2,3,3,0,6,-1.000000000000+0.000000000001j,3.1415926535886705
120,105,35,4 33,24,15,1,3,9,1,6,-1.000000000000-0.000000000001j,-3.141592653589232
120,302,35,24 33,4,15,0,3,9,1,6,-1.000000000000-0.000000000001j,-3.141592653589232
121,106,36,4 25,34,16,2,3,3,0,6,-1.000000000000-0.000000000001j,-3.141592653589232
121,107,36,4 34,25,16,1,3,9,1,6,-1.000000000000+0.000000000000j,3.141592653589793
121,309,36,25 34,4,16,0,3,9,1,6,-1.000000000000+0.000000000000j,3.141592653589793
122,108,37,4 26,35,17,2,3,3,0,6,-1.000000000000-0.000000000001j,-3.141592653589232
122,109,37,4 35,26,17,1,3,9,1,6,-1.000000000000+0.000000000001j,3.141592653589232
122,316,37,26 35,4,17,0,3,9,1,6,-1.000000000000+0.000000000001j,3.1415926535886705
123,322,38,27 36,4,18,0,3,9,1,6,-1.000000000000-0.000000000000j,-3.141592653589793
123,110,38,4 27,36,18,2,3,3,0,6,-1.000000000000+0.000000000000j,3.141592653589793
123,111,38,4 36,27,18,1,3,9,1,6,-1.000000000000+0.000000000001j,3.141592653589232
124,112,39,4 28,37,19,2,3,3,0,6,-1.000000000000-0.000000000001j,-3.141592653589232
124,113,39,4 37,28,19,1,3,9,1,6,-1.000000000000+0.000000000000j,3.141592653589793
124,330,39,28 37,4,19,0,3,9,1,6,-1.000000000000+0.000000000000j,3.141592653589793
125,336,40,29 38,4,20,0,3,9,1,6,-1.000000000000+0.000000000001j,3.141592653589232
125,114,40,4 29,38,20,2,3,3,0,6,-1.000000000000-0.000000000001j,-3.141592653589232
125,115,40,4 38,29,20,1,3,9,1,6,-1.000000000000+0.000000000001j,3.1415926535886705
126,116,41,4 30,39,21,2,3,3,0,6,-1.000000000000-0.000000000000j,-3.141592653589793
126,117,41,4 39,30,21,1,3,9,1,6,-1.000000000000+0.000000000000j,3.141592653589793
126,343,41,30 39,4,21,0,3,9,1,6,-1.000000000000+0.000000000001j,3.141592653589232
127,80,25,7 12,5,3,0,9,3,1,6,-1.000000000000-0.000000000001j,-3.141592653589232
127,76,25,5 7,12,3,2,9,3,1,6,-1.000000000000+0.000000000000j,3.141592653589793
127,77,25,5 12,7,3,1,9,9,0,6,-1.000000000000-0.000000000000j,-3.141592653589793
128,32,9,8 11,5,1,0,9,3,1,6,-1.000000000000+0.000000000000j,3.141592653589793
128,28,9,5 8,11,1,2,9,3,1,6,-1.000000000000+0.000000000001j,3.141592653589232
128,29,9,5 11,8,1,1,9,9,0,6,-1.000000000000+0.000000000000j,3.141592653589793
129,57,17,9 10,5,2,0,9,3,1,6,-1.000000000000-0.000000000001j,-3.141592653589232
129,52,17,5 9,10,2,2,9,3,1,6,-1.000000000000+0.000000000001j,3.141592653589232
129,53,17,5 10,9,2,1,9,9,0,6,-1.000000000000-0.000000000001j,-3.1415926535886705
130,280,42,13 23,5,33,0,3,9,1,6,-1.000000000000+0.000000000001j,3.141592653589232
130,131,42,5 13,23,33,2,3,9,1,6,-1.000000000000-0.000000000001j,-3.141592653589232
130,143,42,5 23,13,33,1,3,3,0,6,-1.000000000000+0.000000000001j,3.1415926535886705
131,280,42,13 33,5,23,0,9,9,0,6,-1.000000000000-0.000000000001j,-3.1415926535886705
131,130,42,5 13,33,23,2,9,3,1,6,-1.000000000000+0.000000000001j,3.141592653589232
131,143,42,5 33,13,23,1,9,3,1,6,-1.000000000000-0.000000000001j,-3.141592653589232
132,144,43,5 24,14,31,1,3,3,0,6,-1.000000000000+0.000000000000j,3.141592653589793
132,293,43,14 24,5,31,0,3,9,1,6,-1.000000000000+0.000000000001j,3.141592653589232
132,133,43,5 14,24,31,2,3,9,1,6,-1.000000000000-0.000000000000j,-3.141592653589793
133,144,43,5 31,14,24,1,9,3,1,6,-1.000000000000-0.000000000001j,-3.141592653589232
133,132,43,5 14,31,24,2,9,3,1,6,-1.000000000000+0.000000000000j,3.141592653589793
133,293,43,14 31,5,24,0,9,9,0,6,-1.000000000000-0.000000000000j,-3.141592653589793
134,300,44,15 22,5,32,0,3,9,1,6,-1.000000000000+0.000000000000j,3.141592653589793
134,142,44,5 22,15,32,1,3,3,0,6,-1.000000000000+0.000000000000j,3.141592653589793
134,135,44,5 15,22,32,2,3,9,1,6,-1.000000000000-0.000000000001j,-3.141592653589232
135,142,44,5 32,15,22,1,9,3,1,6,-1.000000000000-0.000000000000j,-3.141592653589793
135,300,44,15 32,5,22,0,9,9,0,6,-1.000000000000-0.000000000000j,-3.141592653589793
135,134,44,5 15,32,22,2,9,3,1,6,-1.000000000000+0.000000000001j,3.141592653589232
136,137,45,5 19,29,39,2,9,3,1,6,-1.000000000000+0.000000000000j,3.141592653589793
136,146,45,5 29,19,39,1,9,9,0,6,-1.000000000000-0.000000000001j,-3.141592653589232
136,331,45,19 29,5,39,0,9,3,1,6,-1.000000000000-0.000000000000j,-3.141592653589793
137,136,45,5 19,39,29,2,3,9,1,6,-1.000000000000-0.000000000000j,-3.141592653589793
137,146,45,5 39,19,29,1,3,9,1,6,-1.000000000000+0.000000000000j,3.141592653589793
137,331,45,19 39,5,29,0,3,3,0,6,-1.000000000000+0.000000000001j,3.141592653589232
138,337,46,20 30,5,37,0,9,3,1,6,-1.000000000000-0.000000000000j,-3.141592653589793
138,139,46,5 20,30,37,2,9,3,1,6,-1.000000000000+0.000000000001j,3.141592653589232
138,147,46,5 30,20,37,1,9,9,0,6,-1.000000000000-0.000000000000j,-3.141592653589793
139,337,46,20 37,5,30,0,3,3,0,6,-1.000000000000+0.000000000000j,3.141592653589793
139,138,46,5 20,37,30,2,3,9,1,6,-1.000000000000-0.000000000001j,-3.141592653589232
139,147,46,5 37,20,30,1,3,9,1,6,-1.000000000000+0.000000000000j,3.141592653589793
140,145,47,5 28,21,38,1,9,9,0,6,-1.000000000000-0.000000000001j,-3.141592653589232
140,141,47,5 21,28,38,2,9,3,1,6,-1.000000000000+0.000000000001j,3.141592653589232
140,342,47,21 28,5,38,0,9,3,1,6,-1.000000000000-0.000000000001j,-3.1415926535886705
141,145,47,5 38,21,28,1,3,9,1,6,-1.000000000000+0.000000000001j,3.1415926535886705
141,140,47,5 21,38,28,2,3,9,1,6,-1.000000000000-0.000000000001j,-3.141592653589232
141,342,47,21 38,5,28,0,3,3,0,6,-1.000000000000+0.000000000001j,3.141592653589232
142,300,44,22 32,5,15,0,3,9,1,6,-1.000000000000+0.000000000001j,3.141592653589232
142,134,44,5 22,32,15,2,3,3,0,6,-1.000000000000-0.000000000000j,-3.141592653589793
142,135,44,5 32,22,15,1,3,9,1,6,-1.000000000000+0.000000000000j,3.141592653589793
143,280,42,23 33,5,13,0,3,9,1,6,-1.000000000000+0.000000000001j,3.141592653589232
143,130,42,5 23,33,13,2,3,3,0,6,-1.000000000000-0.000000000001j,-3.1415926535886705
143,131,42,5 33,23,13,1,3,9,1,6,-1.000000000000+0.000000000001j,3.141592653589232
144,293,43,24 31,5,14,0,3,9,1,6,-1.000000000000+0.000000000000j,3.141592653589793
144,132,43,5 24,31,14,2,3,3,0,6,-1.000000000000-0.000000000000j,-3.141592653589793
144,133,43,5 31,24,14,1,3,9,1,6,-1.000000000000+0.000000000001j,3.141592653589232
145,140,47,5 28,38,21,2,9,9,0,6,-1.000000000000+0.000000000001j,3.141592653589232
145,141,47,5 38,28,21,1,9,3,1,6,-1.000000000000-0.000000000001j,-3.1415926535886705
145,342,47,28 38,5,21,0,9,3,1,6,-1.000000000000-0.000000000001j,-3.141592653589232
146,136,45,5 29,39,19,2,9,9,0,6,-1.000000000000+0.000000000001j,3.141592653589232
146,137,45,5 39,29,19,1,9,3,1,6,-1.000000000000-0.000000000000j,-3.141592653589793
146,331,45,29 39,5,19,0,9,3,1,6,-1.000000000000-0.000000000000j,-3.141592653589793
147,337,46,30 37,5,20,0,9,3,1,6,-1.000000000000-0.000000000001j,-3.141592653589232
147,138,46,5 30,37,20,2,9,9,0,6,-1.000000000000+0.000000000000j,3.141592653589793
147,139,46,5 37,30,20,1,9,3,1,6,-1.000000000000-0.000000000000j,-3.141592653589793
148,56,18,7 11,6,2,0,3,9,1,6,-1.000000000000+0.000000000001j,3.141592653589232
148,54,18,6 7,11,2,2,3,9,1,6,-1.000000000000+0.000000000000j,3.141592653589793
148,55,18,6 11,7,2,1,3,3,0,6,-1.000000000000+0.000000000000j,3.141592653589793
149,81,26,8 10,6,3,0,3,9,1,6,-1.000000000000+0.000000000001j,3.141592653589232
149,78,26,6 8,10,3,2,3,9,1,6,-1.000000000000-0.000000000001j,-3.141592653589232
149,79,26,6 10,8,3,1,3,3,0,6,-1.000000000000+0.000000000001j,3.1415926535886705
150,33,10,9 12,6,1,0,3,9,1,6,-1.000000000000+0.000000000000j,3.141592653589793
150,30,10,6 9,12,1,2,3,9,1,6,-1.000000000000-0.000000000001j,-3.141592653589232
150,31,10,6 12,9,1,1,3,3,0,6,-1.000000000000+0.000000000000j,3.141592653589793
151,152,48,6 13,24,32,2,3,9,1,6,-1.000000000000-0.000000000001j,-3.141592653589232
151,281,48,13 24,6,32,0,3,9,1,6,-1.000000000000+0.000000000000j,3.141592653589793
151,165,48,6 24,13,32,1,3,3,0,6,-1.000000000000+0.000000000000j,3.141592653589793
152,281,48,13 32,6,24,0,9,9,0,6,-1.000000000000-0.000000000000j,-3.141592653589793
152,165,48,6 32,13,24,1,9,3,1,6,-1.000000000000-0.000000000000j,-3.141592653589793
152,151,48,6 13,32,24,2,9,3,1,6,-1.000000000000+0.000000000001j,3.141592653589232
153,291,49,14 22,6,33,0,3,9,1,6,-1.000000000000+0.000000000001j,3.141592653589232
153,154,49,6 14,22,33,2,3,9,1,6,-1.000000000000-0.000000000000j,-3.141592653589793
153,163,49,6 22,14,33,1,3,3,0,6,-1.000000000000+0.000000000000j,3.141592653589793
154,153,49,6 14,33,22,2,9,3,1,6,-1.000000000000+0.000000000000j,3.141592653589793
154,163,49,6 33,14,22,1,9,3,1,6,-1.000000000000-0.000000000001j,-3.141592653589232
154,291,49,14 33,6,22,0,9,9,0,6,-1.000000000000-0.000000000000j,-3.141592653589793
155,164,50,6 23,15,31,1,3,3,0,6,-1.000000000000+0.000000000001j,3.1415926535886705
155,156,50,6 15,23,31,2,3,9,1,6,-1.000000000000-0.000000000001j,-3.141592653589232
155,301,50,15 23,6,31,0,3,9,1,6,-1.000000000000+0.000000000001j,3.141592653589232
156,155,50,6 15,31,23,2,9,3,1,6,-1.000000000000+0.000000000001j,3.141592653589232
156,164,50,6 31,15,23,1,9,3,1,6,-1.000000000000-0.000000000001j,-3.141592653589232
156,301,50,15 31,6,23,0,9,9,0,6,-1.000000000000-0.000000000001j,-3.1415926535886705
157,168,51,6 27,16,35,1,9,9,0,6,-1.000000000000-0.000000000000j,-3.141592653589793
157,310,51,16 27,6,35,0,9,3,1,6,-1.000000000000-0.000000000001j,-3.141592653589232
157,158,51,6 16,27,35,2,9,3,1,6,-1.000000000000+0.000000000000j,3.141592653589793
158,168,51,6 35,16,27,1,3,9,1,6,-1.000000000000+0.000000000001j,3.141592653589232
158,157,51,6 16,35,27,2,3,9,1,6,-1.000000000000+0.000000000000j,3.141592653589793
158,310,51,16 35,6,27,0,3,3,0,6,-1.000000000000+0.000000000000j,3.141592653589793
159,160,52,6 17,25,36,2,9,3,1,6,-1.000000000000+0.000000000001j,3.1415926535886705
159,315,52,17 25,6,36,0,9,3,1,6,-1.000000000000-0.000000000001j,-3.141592653589232
159,166,52,6 25,17,36,1,9,9,0,6,-1.000000000000-0.000000000001j,-3.141592653589232
160,315,52,17 36,6,25,0,3,3,0,6,-1.000000000000+0.000000000001j,3.141592653589232
160,166,52,6 36,17,25,1,3,9,1,6,-1.000000000000+0.000000000001j,3.141592653589232
160,159,52,6 17,36,25,2,3,9,1,6,-1.000000000000-0.000000000001j,-3.1415926535886705
161,321,53,18 26,6,34,0,9,3,1,6,-1.000000000000+0.000000000000j,3.141592653589793
161,162,53,6 18,26,34,2,9,3,1,6,-1.000000000000-0.000000000000j,-3.141592653589793
161,167,53,6 26,18,34,1,9,9,0,6,-1.000000000000-0.000000000001j,-3.141592653589232
162,321,53,18 34,6,26,0,3,3,0,6,-1.000000000000+0.000000000001j,3.141592653589232
162,161,53,6 18,34,26,2,3,9,1,6,-1.000000000000+0.000000000000j,3.141592653589793
162,167,53,6 34,18,26,1,3,9,1,6,-1.000000000000+0.000000000000j,3.141592653589793
163,153,49,6 22,33,14,2,3,3,0,6,-1.000000000000-0.000000000000j,-3.141592653589793
163,154,49,6 33,22,14,1,3,9,1,6,-1.000000000000+0.000000000001j,3.141592653589232
163,291,49,22 33,6,14,0,3,9,1,6,-1.000000000000+0.000000000000j,3.141592653589793
164,155,50,6 23,31,15,2,3,3,0,6,-1.000000000000-0.000000000001j,-3.1415926535886705
164,156,50,6 31,23,15,1,3,9,1,6,-1.000000000000+0.000000000001j,3.141592653589232
164,301,50,23 31,6,15,0,3,9,1,6,-1.000000000000+0.000000000001j,3.141592653589232
165,152,48,6 32,24,13,1,3,9,1,6,-1.000000000000+0.000000000000j,3.141592653589793
165,281,48,24 32,6,13,0,3,9,1,6,-1.000000000000+0.000000000001j,3.141592653589232
165,151,48,6 24,32,13,2,3,3,0,6,-1.000000000000-0.000000000000j,-3.141592653589793
166,160,52,6 36,25,17,1,9,3,1,6,-1.000000000000-0.000000000001j,-3.141592653589232
166,315,52,25 36,6,17,0,9,3,1,6,-1.000000000000-0.000000000001j,-3.1415926535886705
166,159,52,6 25,36,17,2,9,9,0,6,-1.000000000000+0.000000000001j,3.141592653589232
167,321,53,26 34,6,18,0,9,3,1,6,-1.000000000000+0.000000000000j,3.141592653589793
167,161,53,6 26,34,18,2,9,9,0,6,-1.000000000000+0.000000000001j,3.141592653589232
167,162,53,6 34,26,18,1,9,3,1,6,-1.000000000000+0.000000000000j,3.141592653589793
168,310,51,27 35,6,16,0,9,3,1,6,-1.000000000000+0.000000000000j,3.141592653589793
168,157,51,6 27,35,16,2,9,9,0,6,-1.000000000000+0.000000000000j,3.141592653589793
168,158,51,6 35,27,16,1,9,3,1,6,-1.000000000000-0.000000000001j,-3.141592653589232
169,3,1,7 8,9,0,2,3,9,1,6,-1.000000000000-0.000000000001j,-3.141592653589232
169,4,1,7 9,8,0,1,3,3,0,6,-1.000000000000+0.000000000001j,3.141592653589232
169,5,1,8 9,7,0,0,3,9,1,6,-1.000000000000-0.000000000001j,-3.1415926535886705
170,184,54,7 25,13,37,1,3,3,0,6,-1.000000000000+0.000000000000j,3.141592653589793
170,282,54,13 25,7,37,0,3,9,1,6,-1.000000000000+0.000000000000j,3.1415926535895125
170,171,54,7 13,25,37,2,3,9,1,6,-1.000000000000-0.000000000001j,-3.141592653588951
171,184,54,7 37,13,25,1,9,3,1,6,-1.000000000000-0.000000000000j,-3.1415926535895125
171,170,54,7 13,37,25,2,9,3,1,6,-1.000000000000+0.000000000001j,3.141592653588951
171,282,54,13 37,7,25,0,9,9,0,6,-1.000000000000-0.000000000000j,-3.141592653589793
172,185,55,7 26,14,38,1,9,9,0,6,-1.000000000000+0.000000000000j,3.1415926535895125
172,173,55,7 14,26,38,2,9,3,1,6,-1.000000000000+0.000000000001j,3.141592653588951
172,295,55,14 26,7,38,0,9,3,1,6,-1.000000000000+0.000000000001j,3.141592653589232
173,185,55,7 38,14,26,1,3,9,1,6,-1.000000000000-0.000000000001j,-3.141592653589232
173,172,55,7 14,38,26,2,3,9,1,6,-1.000000000000-0.000000000001j,-3.141592653588951
173,295,55,14 38,7,26,0,3,3,0,6,-1.000000000000-0.000000000000j,-3.1415926535895125
174,186,56,7 28,16,31,1,3,3,0,6,-1.000000000000+0.000000000000j,3.141592653589793
174,311,56,16 28,7,31,0,3,9,1,6,-1.000000000000+0.000000000001j,3.141592653588951
174,175,56,7 16,28,31,2,3,9,1,6,-1.000000000000-0.000000000000j,-3.1415926535895125
175,186,56,7 31,16,28,1,9,3,1,6,-1.000000000000-0.000000000001j,-3.141592653588951
175,174,56,7 16,31,28,2,9,3,1,6,-1.000000000000+0.000000000000j,3.1415926535895125
175,311,56,16 31,7,28,0,9,9,0,6,-1.000000000000-0.000000000000j,-3.141592653589793
176,177,57,7 17,29,32,2,9,3,1,6,-1.000000000000-0.000000000001j,-3.141592653589232
176,187,57,7 29,17,32,1,9,9,0,6,-1.000000000000+0.000000000000j,3.1415926535895125
176,317,57,17 29,7,32,0,9,3,1,6,-1.000000000000-0.000000000001j,-3.141592653588951
177,176,57,7 17,32,29,2,3,9,1,6,-1.000000000000+0.000000000001j,3.141592653589232
177,187,57,7 32,17,29,1,3,9,1,6,-1.000000000000+0.000000000001j,3.141592653588951
177,317,57,17 32,7,29,0,3,3,0,6,-1.000000000000-0.000000000000j,-3.1415926535895125
178,326,58,19 22,7,34,0,3,9,1,6,-1.000000000000-0.000000000000j,-3.141592653589793
178,179,58,7 19,22,34,2,3,9,1,6,-1.000000000000+0.000000000000j,3.141592653589793
178,182,58,7 22,19,34,1,3,3,0,6,-1.000000000000-0.000000000000j,-3.141592653589793
179,326,58,19 34,7,22,0,9,9,0,6,-1.000000000000+0.000000000000j,3.141592653589793
179,178,58,7 19,34,22,2,9,3,1,6,-1.000000000000-0.000000000000j,-3.141592653589793
179,182,58,7 34,19,22,1,9,3,1,6,-1.000000000000+0.000000000000j,3.141592653589793
180,333,59,20 23,7,35,0,9,3,1,6,-1.000000000000+0.000000000001j,3.141592653589232
180,181,59,7 20,23,35,2,9,3,1,6,-1.000000000000-0.000000000001j,-3.141592653589232
180,183,59,7 23,20,35,1,9,9,0,6,-1.000000000000+0.000000000000j,3.141592653589793
181,180,59,7 20,35,23,2,3,9,1,6,-1.000000000000+0.000000000001j,3.141592653589232
181,333,59,20 35,7,23,0,3,3,0,6,-1.000000000000+0.000000000000j,3.141592653589793
181,183,59,7 35,20,23,1,3,9,1,6,-1.000000000000-0.000000000001j,-3.141592653589232
182,178,58,7 22,34,19,2,3,3,0,6,-1.000000000000+0.000000000000j,3.141592653589793
182,179,58,7 34,22,19,1,3,9,1,6,-1.000000000000-0.000000000000j,-3.141592653589793
182,326,58,22 34,7,19,0,3,9,1,6,-1.000000000000-0.000000000000j,-3.141592653589793
183,333,59,23 35,7,20,0,9,3,1,6,-1.000000000000+0.000000000001j,3.141592653589232
183,180,59,7 23,35,20,2,9,9,0,6,-1.000000000000+0.000000000000j,3.141592653589793
183,181,59,7 35,23,20,1,9,3,1,6,-1.000000000000+0.000000000001j,3.141592653589232
184,282,54,25 37,7,13,0,3,9,1,6,-1.000000000000+0.000000000001j,3.141592653588951
184,170,54,7 25,37,13,2,3,3,0,6,-1.000000000000+0.000000000000j,3.141592653589793
184,171,54,7 37,25,13,1,3,9,1,6,-1.000000000000+0.000000000000j,3.1415926535895125
185,172,55,7 26,38,14,2,9,9,0,6,-1.000000000000-0.000000000000j,-3.1415926535895125
185,173,55,7 38,26,14,1,9,3,1,6,-1.000000000000+0.000000000001j,3.141592653589232
185,295,55,26 38,7,14,0,9,3,1,6,-1.000000000000-0.000000000001j,-3.141592653588951
186,311,56,28 31,7,16,0,3,9,1,6,-1.000000000000+0.000000000000j,3.1415926535895125
186,174,56,7 28,31,16,2,3,3,0,6,-1.000000000000-0.000000000000j,-3.141592653589793
186,175,56,7 31,28,16,1,3,9,1,6,-1.000000000000+0.000000000001j,3.141592653588951
187,176,57,7 29,32,17,2,9,9,0,6,-1.000000000000-0.000000000000j,-3.1415926535895125
187,177,57,7 32,29,17,1,9,3,1,6,-1.000000000000-0.000000000001j,-3.141592653588951
187,317,57,29 32,7,17,0,9,3,1,6,-1.000000000000+0.000000000001j,3.141592653589232
188,202,60,8 26,13,39,1,3,3,0,6,-1.000000000000-0.000000000001j,-3.141592653589232
188,283,60,13 26,8,39,0,3,9,1,6,-1.000000000000-0.000000000000j,-3.1415926535895125
188,189,60,8 13,26,39,2,3,9,1,6,-1.000000000000-0.000000000000j,-3.1415926535895125
189,202,60,8 39,13,26,1,9,3,1,6,-1.000000000000+0.000000000000j,3.1415926535895125
189,283,60,13 39,8,26,0,9,9,0,6,-1.000000000000+0.000000000001j,3.141592653589232
189,188,60,8 13,39,26,2,9,3,1,6,-1.000000000000+0.000000000000j,3.1415926535895125
190,296,61,14 27,8,37,0,9,3,1,6,-1.000000000000+0.000000000001j,3.141592653589232
190,203,61,8 27,14,37,1,9,9,0,6,-1.000000000000-0.000000000000j,-3.1415926535895125
190,191,61,8 14,27,37,2,9,3,1,6,-1.000000000000+0.000000000000j,3.1415926535895125
191,296,61,14 37,8,27,0,3,3,0,6,-1.000000000000+0.000000000000j,3.1415926535895125
191,203,61,8 37,14,27,1,3,9,1,6,-1.000000000000-0.000000000001j,-3.141592653589232
191,190,61,8 14,37,27,2,3,9,1,6,-1.000000000000-0.000000000000j,-3.1415926535895125
192,193,62,8 17,30,31,2,3,9,1,6,-1.000000000000+0.000000000000j,3.1415926535895125
192,205,62,8 30,17,31,1,3,3,0,6,-1.000000000000-0.000000000001j,-3.141592653589232
192,318,62,17 30,8,31,0,3,9,1,6,-1.000000000000+0.000000000001j,3.141592653588951
193,192,62,8 17,31,30,2,9,3,1,6,-1.000000000000-0.000000000000j,-3.1415926535895125
193,205,62,8 31,17,30,1,9,3,1,6,-1.000000000000-0.000000000001j,-3.141592653588951
193,318,62,17 31,8,30,0,9,9,0,6,-1.000000000000+0.000000000001j,3.141592653589232
194,323,63,18 28,8,32,0,9,3,1,6,-1.000000000000-0.000000000001j,-3.141592653588951
194,195,63,8 18,28,32,2,9,3,1,6,-1.000000000000+0.000000000000j,3.141592653589793
194,204,63,8 28,18,32,1,9,9,0,6,-1.000000000000+0.000000000000j,3.1415926535895125
195,194,63,8 18,32,28,2,3,9,1,6,-1.000000000000-0.000000000000j,-3.141592653589793
195,323,63,18 32,8,28,0,3,3,0,6,-1.000000000000-0.000000000000j,-3.1415926535895125
195,204,63,8 32,18,28,1,3,9,1,6,-1.000000000000+0.000000000001j,3.141592653588951
196,201,64,8 23,19,36,1,9,9,0,6,-1.000000000000-0.000000000001j,-3.141592653589232
196,197,64,8 19,23,36,2,9,3,1,6,-1.000000000000-0.000000000001j,-3.141592653589232
196,327,64,19 23,8,36,0,9,3,1,6,-1.000000000000+0.000000000000j,3.141592653589793
197,201,64,8 36,19,23,1,3,9,1,6,-1.000000000000+0.000000000000j,3.141592653589793
197,196,64,8 19,36,23,2,3,9,1,6,-1.000000000000+0.000000000001j,3.141592653589232
197,327,64,19 36,8,23,0,3,3,0,6,-1.000000000000+0.000000000001j,3.141592653589232
198,200,65,8 22,21,35,1,3,3,0,6,-1.000000000000+0.000000000001j,3.141592653589232
198,338,65,21 22,8,35,0,3,9,1,6,-1.000000000000-0.000000000001j,-3.141592653589232
198,199,65,8 21,22,35,2,3,9,1,6,-1.000000000000+0.000000000001j,3.141592653589232
199,200,65,8 35,21,22,1,9,3,1,6,-1.000000000000+0.000000000001j,3.141592653589232
199,338,65,21 35,8,22,0,9,9,0,6,-1.000000000000-0.000000000001j,-3.141592653589232
199,198,65,8 21,35,22,2,9,3,1,6,-1.000000000000-0.000000000001j,-3.141592653589232
200,338,65,22 35,8,21,0,3,9,1,6,-1.000000000000-0.000000000001j,-3.141592653589232
200,198,65,8 22,35,21,2,3,3,0,6,-1.000000000000-0.000000000001j,-3.141592653589232
200,199,65,8 35,22,21,1,3,9,1,6,-1.000000000000-0.000000000001j,-3.141592653589232
201,196,64,8 23,36,19,2,9,9,0,6,-1.000000000000+0.000000000001j,3.141592653589232
201,197,64,8 36,23,19,1,9,3,1,6,-1.000000000000+0.000000000000j,3.141592653589793
201,327,64,23 36,8,19,0,9,3,1,6,-1.000000000000+0.000000000001j,3.141592653589232
202,283,60,26 39,8,13,0,3,9,1,6,-1.000000000000+0.000000000000j,3.1415926535895125
202,188,60,8 26,39,13,2,3,3,0,6,-1.000000000000+0.000000000001j,3.141592653589232
202,189,60,8 39,26,13,1,3,9,1,6,-1.000000000000-0.000000000000j,-3.1415926535895125
203,296,61,27 37,8,14,0,9,3,1,6,-1.000000000000-0.000000000000j,-3.1415926535895125
203,190,61,8 27,37,14,2,9,9,0,6,-1.000000000000+0.000000000000j,3.1415926535895125
203,191,61,8 37,27,14,1,9,3,1,6,-1.000000000000+0.000000000001j,3.141592653589232
204,323,63,28 32,8,18,0,9,3,1,6,-1.000000000000+0.000000000000j,3.141592653589793
204,194,63,8 28,32,18,2,9,9,0,6,-1.000000000000-0.000000000000j,-3.1415926535895125
204,195,63,8 32,28,18,1,9,3,1,6,-1.000000000000-0.000000000001j,-3.141592653588951
205,192,62,8 30,31,17,2,3,3,0,6,-1.000000000000+0.000000000001j,3.141592653589232
205,193,62,8 31,30,17,1,3,9,1,6,-1.000000000000+0.000000000001j,3.141592653588951
205,318,62,30 31,8,17,0,3,9,1,6,-1.000000000000-0.000000000000j,-3.1415926535895125
206,284,66,13 27,9,38,0,3,9,1,6,-1.000000000000-0.000000000000j,-3.1415926535895125
206,221,66,9 27,13,38,1,3,3,0,6,-1.000000000000-0.000000000001j,-3.141592653589232
206,207,66,9 13,27,38,2,3,9,1,6,-1.000000000000-0.000000000001j,-3.141592653588951
207,284,66,13 38,9,27,0,9,9,0,6,-1.000000000000+0.000000000001j,3.141592653589232
207,221,66,9 38,13,27,1,9,3,1,6,-1.000000000000+0.000000000000j,3.1415926535895125
207,206,66,9 13,38,27,2,9,3,1,6,-1.000000000000+0.000000000001j,3.141592653588951
208,209,67,9 14,25,39,2,9,3,1,6,-1.000000000000+0.000000000001j,3.141592653588951
208,220,67,9 25,14,39,1,9,9,0,6,-1.000000000000+0.000000000000j,3.1415926535895125
208,294,67,14 25,9,39,0,9,3,1,6,-1.000000000000-0.000000000000j,-3.141592653589793
209,208,67,9 14,39,25,2,3,9,1,6,-1.000000000000-0.000000000001j,-3.141592653588951
209,220,67,9 39,14,25,1,3,9,1,6,-1.000000000000+0.000000000000j,3.141592653589793
209,294,67,14 39,9,25,0,3,3,0,6,-1.000000000000-0.000000000000j,-3.1415926535895125
210,312,68,16 30,9,32,0,9,3,1,6,-1.000000000000-0.000000000000j,-3.1415926535895125
210,211,68,9 16,30,32,2,9,3,1,6,-1.000000000000-0.000000000001j,-3.141592653589232
210,223,68,9 30,16,32,1,9,9,0,6,-1.000000000000-0.000000000000j,-3.1415926535895125
211,312,68,16 32,9,30,0,3,3,0,6,-1.000000000000+0.000000000000j,3.1415926535895125
211,210,68,9 16,32,30,2,3,9,1,6,-1.000000000000+0.000000000001j,3.141592653589232
211,223,68,9 32,16,30,1,3,9,1,6,-1.000000000000+0.000000000000j,3.1415926535895125
212,324,69,18 29,9,31,0,3,9,1,6,-1.000000000000+0.000000000000j,3.1415926535895125
212,213,69,9 18,29,31,2,3,9,1,6,-1.000000000000+0.000000000000j,3.1415926535895125
212,222,69,9 29,18,31,1,3,3,0,6,-1.000000000000-0.000000000001j,-3.141592653589232
213,212,69,9 18,31,29,2,9,3,1,6,-1.000000000000-0.000000000000j,-3.1415926535895125
213,222,69,9 31,18,29,1,9,3,1,6,-1.000000000000-0.000000000000j,-3.1415926535895125
213,324,69,18 31,9,29,0,9,9,0,6,-1.000000000000+0.000000000001j,3.141592653589232
214,218,70,9 22,20,36,1,3,3,0,6,-1.000000000000+0.000000000001j,3.141592653589232
214,332,70,20 22,9,36,0,3,9,1,6,-1.000000000000-0.000000000001j,-3.141592653589232
214,215,70,9 20,22,36,2,3,9,1,6,-1.000000000000+0.000000000001j,3.141592653589232
215,218,70,9 36,20,22,1,9,3,1,6,-1.000000000000+0.000000000001j,3.141592653589232
215,332,70,20 36,9,22,0,9,9,0,6,-1.000000000000-0.000000000001j,-3.141592653589232
215,214,70,9 20,36,22,2,9,3,1,6,-1.000000000000-0.000000000001j,-3.141592653589232
216,217,71,9 21,23,34,2,9,3,1,6,-1.000000000000+0.000000000000j,3.141592653589793
216,339,71,21 23,9,34,0,9,3,1,6,-1.000000000000+0.000000000001j,3.141592653589232
216,219,71,9 23,21,34,1,9,9,0,6,-1.000000000000-0.000000000001j,-3.141592653589232
217,216,71,9 21,34,23,2,3,9,1,6,-1.000000000000+0.000000000000j,3.141592653589793
217,339,71,21 34,9,23,0,3,3,0,6,-1.000000000000+0.000000000001j,3.141592653589232
217,219,71,9 34,21,23,1,3,9,1,6,-1.000000000000-0.000000000001j,-3.141592653589232
218,332,70,22 36,9,20,0,3,9,1,6,-1.000000000000-0.000000000001j,-3.141592653589232
218,214,70,9 22,36,20,2,3,3,0,6,-1.000000000000-0.000000000001j,-3.141592653589232
218,215,70,9 36,22,20,1,3,9,1,6,-1.000000000000-0.000000000001j,-3.141592653589232
219,216,71,9 23,34,21,2,9,9,0,6,-1.000000000000+0.000000000001j,3.141592653589232
219,217,71,9 34,23,21,1,9,3,1,6,-1.000000000000+0.000000000001j,3.141592653589232
219,339,71,23 34,9,21,0,9,3,1,6,-1.000000000000+0.000000000000j,3.141592653589793
220,208,67,9 25,39,14,2,9,9,0,6,-1.000000000000-0.000000000000j,-3.1415926535895125
220,209,67,9 39,25,14,1,9,3,1,6,-1.000000000000-0.000000000000j,-3.141592653589793
220,294,67,25 39,9,14,0,9,3,1,6,-1.000000000000-0.000000000001j,-3.141592653588951
221,284,66,27 38,9,13,0,3,9,1,6,-1.000000000000+0.000000000001j,3.141592653588951
221,206,66,9 27,38,13,2,3,3,0,6,-1.000000000000+0.000000000001j,3.141592653589232
221,207,66,9 38,27,13,1,3,9,1,6,-1.000000000000-0.000000000000j,-3.1415926535895125
222,212,69,9 29,31,18,2,3,3,0,6,-1.000000000000+0.000000000001j,3.141592653589232
222,213,69,9 31,29,18,1,3,9,1,6,-1.000000000000+0.000000000000j,3.1415926535895125
222,324,69,29 31,9,18,0,3,9,1,6,-1.000000000000-0.000000000000j,-3.1415926535895125
223,312,68,30 32,9,16,0,9,3,1,6,-1.000000000000+0.000000000001j,3.141592653589232
223,210,68,9 30,32,16,2,9,9,0,6,-1.000000000000+0.000000000000j,3.1415926535895125
223,211,68,9 32,30,16,1,9,3,1,6,-1.000000000000-0.000000000000j,-3.1415926535895125
224,8,2,11 12,10,0,0,9,3,1,6,-1.000000000000+0.000000000000j,3.141592653589793
224,6,2,10 11,12,0,2,9,3,1,6,-1.000000000000+0.000000000001j,3.1415926535886705
224,7,2,10 12,11,0,1,9,9,0,6,-1.000000000000-0.000000000001j,-3.1415926535886705
225,241,72,10 28,13,34,1,3,3,0,6,-1.000000000000-0.000000000000j,-3.1415926535895125
225,226,72,10 13,28,34,2,3,9,1,6,-1.000000000000-0.000000000001j,-3.141592653589232
225,285,72,13 28,10,34,0,3,9,1,6,-1.000000000000-0.000000000001j,-3.141592653588951
226,225,72,10 13,34,28,2,9,3,1,6,-1.000000000000+0.000000000001j,3.141592653589232
226,285,72,13 34,10,28,0,9,9,0,6,-1.000000000000+0.000000000000j,3.1415926535895125
226,241,72,10 34,13,28,1,9,3,1,6,-1.000000000000+0.000000000001j,3.141592653588951
227,305,73,15 30,10,36,0,9,3,1,6,-1.000000000000+0.000000000000j,3.1415926535895125
227,242,73,10 30,15,36,1,9,9,0,6,-1.000000000000+0.000000000001j,3.141592653588951
227,228,73,10 15,30,36,2,9,3,1,6,-1.000000000000+0.000000000001j,3.141592653589232
228,305,73,15 36,10,30,0,3,3,0,6,-1.000000000000-0.000000000001j,-3.141592653588951
228,242,73,10 36,15,30,1,3,9,1,6,-1.000000000000-0.000000000000j,-3.1415926535895125
228,227,73,10 15,36,30,2,3,9,1,6,-1.000000000000-0.000000000001j,-3.141592653589232
229,307,74,16 22,10,37,0,3,9,1,6,-1.000000000000-0.000000000000j,-3.1415926535895125
229,237,74,10 22,16,37,1,3,3,0,6,-1.000000000000+0.000000000001j,3.141592653589232
229,230,74,10 16,22,37,2,3,9,1,6,-1.000000000000+0.000000000000j,3.1415926535895125
230,237,74,10 37,16,22,1,9,3,1,6,-1.000000000000+0.000000000000j,3.1415926535895125
230,307,74,16 37,10,22,0,9,9,0,6,-1.000000000000-0.000000000001j,-3.141592653589232
230,229,74,10 16,37,22,2,9,3,1,6,-1.000000000000-0.000000000000j,-3.1415926535895125
231,232,75,10 18,24,39,2,9,3,1,6,-1.000000000000-0.000000000000j,-3.1415926535895125
231,320,75,18 24,10,39,0,9,3,1,6,-1.000000000000+0.000000000000j,3.1415926535895125
231,238,75,10 24,18,39,1,9,9,0,6,-1.000000000000-0.000000000001j,-3.141592653589232
232,320,75,18 39,10,24,0,3,3,0,6,-1.000000000000+0.000000000001j,3.141592653589232
232,238,75,10 39,18,24,1,3,9,1,6,-1.000000000000-0.000000000000j,-3.1415926535895125
232,231,75,10 18,39,24,2,3,9,1,6,-1.000000000000+0.000000000000j,3.1415926535895125
233,328,76,19 25,10,31,0,3,9,1,6,-1.000000000000+0.000000000001j,3.141592653589232
233,234,76,10 19,25,31,2,3,9,1,6,-1.000000000000+0.000000000001j,3.141592653588951
233,239,76,10 25,19,31,1,3,3,0,6,-1.000000000000-0.000000000000j,-3.1415926535895125
234,328,76,19 31,10,25,0,9,9,0,6,-1.000000000000+0.000000000000j,3.1415926535895125
234,233,76,10 19,31,25,2,9,3,1,6,-1.000000000000-0.000000000001j,-3.141592653588951
234,239,76,10 31,19,25,1,9,3,1,6,-1.000000000000-0.000000000001j,-3.141592653589232
235,240,77,10 27,21,33,1,9,9,0,6,-1.000000000000+0.000000000001j,3.141592653588951
235,236,77,10 21,27,33,2,9,3,1,6,-1.000000000000-0.000000000000j,-3.1415926535895125
235,341,77,21 27,10,33,0,9,3,1,6,-1.000000000000-0.000000000001j,-3.141592653589232
236,240,77,10 33,21,27,1,3,9,1,6,-1.000000000000+0.000000000001j,3.141592653589232
236,235,77,10 21,33,27,2,3,9,1,6,-1.000000000000+0.000000000000j,3.1415926535895125
236,341,77,21 33,10,27,0,3,3,0,6,-1.000000000000-0.000000000001j,-3.141592653588951
237,307,74,22 37,10,16,0,3,9,1,6,-1.000000000000-0.000000000000j,-3.1415926535895125
237,229,74,10 22,37,16,2,3,3,0,6,-1.000000000000-0.000000000001j,-3.141592653589232
237,230,74,10 37,22,16,1,3,9,1,6,-1.000000000000-0.000000000000j,-3.1415926535895125
238,232,75,10 39,24,18,1,9,3,1,6,-1.000000000000+0.000000000000j,3.1415926535895125
238,320,75,24 39,10,18,0,9,3,1,6,-1.000000000000+0.000000000000j,3.1415926535895125
238,231,75,10 24,39,18,2,9,9,0,6,-1.000000000000+0.000000000001j,3.141592653589232
239,328,76,25 31,10,19,0,3,9,1,6,-1.000000000000-0.000000000001j,-3.141592653588951
239,233,76,10 25,31,19,2,3,3,0,6,-1.000000000000+0.000000000000j,3.1415926535895125
239,234,76,10 31,25,19,1,3,9,1,6,-1.000000000000+0.000000000001j,3.141592653589232
240,235,77,10 27,33,21,2,9,9,0,6,-1.000000000000-0.000000000001j,-3.141592653588951
240,236,77,10 33,27,21,1,9,3,1,6,-1.000000000000-0.000000000001j,-3.141592653589232
240,341,77,27 33,10,21,0,9,3,1,6,-1.000000000000+0.000000000000j,3.1415926535895125
241,225,72,10 28,34,13,2,3,3,0,6,-1.000000000000+0.000000000000j,3.1415926535895125
241,226,72,10 34,28,13,1,3,9,1,6,-1.000000000000-0.000000000001j,-3.141592653588951
241,285,72,28 34,10,13,0,3,9,1,6,-1.000000000000+0.000000000001j,3.141592653589232
242,305,73,30 36,10,15,0,9,3,1,6,-1.000000000000-0.000000000001j,-3.141592653589232
242,227,73,10 30,36,15,2,9,9,0,6,-1.000000000000-0.000000000001j,-3.141592653588951
242,228,73,10 36,30,15,1,9,3,1,6,-1.000000000000+0.000000000000j,3.1415926535895125
243,244,78,11 13,29,36,2,3,9,1,6,-1.000000000000-0.000000000001j,-3.141592653589232
243,260,78,11 29,13,36,1,3,3,0,6,-1.000000000000-0.000000000000j,-3.1415926535895125
243,286,78,13 29,11,36,0,3,9,1,6,-1.000000000000-0.000000000000j,-3.1415926535895125
244,243,78,11 13,36,29,2,9,3,1,6,-1.000000000000+0.000000000001j,3.141592653589232
244,260,78,11 36,13,29,1,9,3,1,6,-1.000000000000+0.000000000000j,3.1415926535895125
244,286,78,13 36,11,29,0,9,9,0,6,-1.000000000000+0.000000000000j,3.1415926535895125
245,259,79,11 28,15,35,1,9,9,0,6,-1.000000000000+0.000000000000j,3.1415926535895125
245,246,79,11 15,28,35,2,9,3,1,6,-1.000000000000+0.000000000001j,3.141592653589232
245,303,79,15 28,11,35,0,9,3,1,6,-1.000000000000+0.000000000000j,3.1415926535895125
246,259,79,11 35,15,28,1,3,9,1,6,-1.000000000000-0.000000000000j,-3.1415926535895125
246,245,79,11 15,35,28,2,3,9,1,6,-1.000000000000-0.000000000001j,-3.141592653589232
246,303,79,15 35,11,28,0,3,3,0,6,-1.000000000000-0.000000000000j,-3.1415926535895125
247,248,80,11 17,24,37,2,9,3,1,6,-1.000000000000-0.000000000000j,-3.1415926535895125
247,256,80,11 24,17,37,1,9,9,0,6,-1.000000000000-0.000000000001j,-3.1415926535886705
247,314,80,17 24,11,37,0,9,3,1,6,-1.000000000000-0.000000000000j,-3.1415926535895125
248,256,80,11 37,17,24,1,3,9,1,6,-1.000000000000+0.000000000000j,3.1415926535895125
248,314,80,17 37,11,24,0,3,3,0,6,-1.000000000000+0.000000000001j,3.1415926535886705
248,247,80,11 17,37,24,2,3,9,1,6,-1.000000000000+0.000000000000j,3.1415926535895125
249,250,81,11 18,22,38,2,3,9,1,6,-1.000000000000-0.000000000000j,-3.1415926535895125
249,319,81,18 22,11,38,0,3,9,1,6,-1.000000000000-0.000000000000j,-3.1415926535895125
249,255,81,11 22,18,38,1,3,3,0,6,-1.000000000000+0.000000000001j,3.1415926535886705
250,249,81,11 18,38,22,2,9,3,1,6,-1.000000000000+0.000000000000j,3.1415926535895125
250,319,81,18 38,11,22,0,9,9,0,6,-1.000000000000-0.000000000001j,-3.1415926535886705
250,255,81,11 38,18,22,1,9,3,1,6,-1.000000000000+0.000000000000j,3.1415926535895125
251,329,82,19 26,11,33,0,9,3,1,6,-1.000000000000+0.000000000000j,3.141592653589793
251,257,82,11 26,19,33,1,9,9,0,6,-1.000000000000+0.000000000001j,3.141592653588951
251,252,82,11 19,26,33,2,9,3,1,6,-1.000000000000+0.000000000000j,3.1415926535895125
252,329,82,19 33,11,26,0,3,3,0,6,-1.000000000000-0.000000000001j,-3.141592653588951
252,257,82,11 33,19,26,1,3,9,1,6,-1.000000000000+0.000000000000j,3.141592653589793
252,251,82,11 19,33,26,2,3,9,1,6,-1.000000000000-0.000000000000j,-3.1415926535895125
253,258,83,11 27,20,31,1,3,3,0,6,-1.000000000000+0.000000000000j,3.1415926535895125
253,254,83,11 20,27,31,2,3,9,1,6,-1.000000000000+0.000000000001j,3.141592653588951
253,335,83,20 27,11,31,0,3,9,1,6,-1.000000000000+0.000000000000j,3.141592653589793
254,258,83,11 31,20,27,1,9,3,1,6,-1.000000000000+0.000000000000j,3.141592653589793
254,253,83,11 20,31,27,2,9,3,1,6,-1.000000000000-0.000000000001j,-3.141592653588951
254,335,83,20 31,11,27,0,9,9,0,6,-1.000000000000-0.000000000000j,-3.1415926535895125
255,249,81,11 22,38,18,2,3,3,0,6,-1.000000000000-0.000000000001j,-3.1415926535886705
255,250,81,11 38,22,18,1,3,9,1,6,-1.000000000000-0.000000000000j,-3.1415926535895125
255,319,81,22 38,11,18,0,3,9,1,6,-1.000000000000+0.000000000000j,3.1415926535895125
256,248,80,11 37,24,17,1,9,3,1,6,-1.000000000000-0.000000000000j,-3.1415926535895125
256,314,80,24 37,11,17,0,9,3,1,6,-1.000000000000+0.000000000000j,3.1415926535895125
256,247,80,11 24,37,17,2,9,9,0,6,-1.000000000000+0.000000000001j,3.1415926535886705
257,329,82,26 33,11,19,0,9,3,1,6,-1.000000000000-0.000000000000j,-3.1415926535895125
257,251,82,11 26,33,19,2,9,9,0,6,-1.000000000000-0.000000000001j,-3.141592653588951
257,252,82,11 33,26,19,1,9,3,1,6,-1.000000000000+0.000000000000j,3.141592653589793
258,253,83,11 27,31,20,2,3,3,0,6,-1.000000000000-0.000000000000j,-3.1415926535895125
258,254,83,11 31,27,20,1,3,9,1,6,-1.000000000000+0.000000000000j,3.141592653589793
258,335,83,27 31,11,20,0,3,9,1,6,-1.000000000000-0.000000000001j,-3.141592653588951
259,245,79,11 28,35,15,2,9,9,0,6,-1.000000000000-0.000000000000j,-3.1415926535895125
259,246,79,11 35,28,15,1,9,3,1,6,-1.000000000000+0.000000000000j,3.1415926535895125
259,303,79,28 35,11,15,0,9,3,1,6,-1.000000000000-0.000000000001j,-3.141592653589232
260,243,78,11 29,36,13,2,3,3,0,6,-1.000000000000+0.000000000000j,3.1415926535895125
260,244,78,11 36,29,13,1,3,9,1,6,-1.000000000000-0.000000000000j,-3.1415926535895125
260,286,78,29 36,11,13,0,3,9,1,6,-1.000000000000+0.000000000001j,3.141592653589232
261,287,84,13 30,12,35,0,3,9,1,6,-1.000000000000-0.000000000001j,-3.141592653588951
261,262,84,12 13,30,35,2,3,9,1,6,-1.000000000000+0.000000000000j,3.141592653589793
261,278,84,12 30,13,35,1,3,3,0,6,-1.000000000000+0.000000000000j,3.1415926535895125
262,261,84,12 13,35,30,2,9,3,1,6,-1.000000000000-0.000000000000j,-3.141592653589793
262,278,84,12 35,13,30,1,9,3,1,6,-1.000000000000+0.000000000001j,3.141592653588951
262,287,84,13 35,12,30,0,9,9,0,6,-1.000000000000-0.000000000000j,-3.1415926535895125
263,264,85,12 15,29,34,2,9,3,1,6,-1.000000000000-0.000000000000j,-3.141592653589793
263,304,85,15 29,12,34,0,9,3,1,6,-1.000000000000-0.000000000000j,-3.1415926535895125
263,277,85,12 29,15,34,1,9,9,0,6,-1.000000000000+0.000000000001j,3.141592653588951
264,304,85,15 34,12,29,0,3,3,0,6,-1.000000000000-0.000000000001j,-3.141592653588951
264,277,85,12 34,15,29,1,3,9,1,6,-1.000000000000+0.000000000000j,3.1415926535895125
264,263,85,12 15,34,29,2,3,9,1,6,-1.000000000000+0.000000000000j,3.141592653589793
265,266,86,12 16,24,38,2,9,3,1,6,-1.000000000000+0.000000000000j,3.1415926535895125
265,274,86,12 24,16,38,1,9,9,0,6,-1.000000000000-0.000000000001j,-3.1415926535886705
265,308,86,16 24,12,38,0,9,3,1,6,-1.000000000000+0.000000000000j,3.1415926535895125
266,265,86,12 16,38,24,2,3,9,1,6,-1.000000000000-0.000000000000j,-3.1415926535895125
266,274,86,12 38,16,24,1,3,9,1,6,-1.000000000000-0.000000000000j,-3.1415926535895125
266,308,86,16 38,12,24,0,3,3,0,6,-1.000000000000+0.000000000001j,3.1415926535886705
267,273,87,12 22,17,39,1,3,3,0,6,-1.000000000000+0.000000000001j,3.1415926535886705
267,268,87,12 17,22,39,2,3,9,1,6,-1.000000000000+0.000000000000j,3.1415926535895125
267,313,87,17 22,12,39,0,3,9,1,6,-1.000000000000+0.000000000000j,3.1415926535895125
268,273,87,12 39,17,22,1,9,3,1,6,-1.000000000000-0.000000000000j,-3.1415926535895125
268,267,87,12 17,39,22,2,9,3,1,6,-1.000000000000-0.000000000000j,-3.1415926535895125
268,313,87,17 39,12,22,0,9,9,0,6,-1.000000000000-0.000000000001j,-3.1415926535886705
269,334,88,20 25,12,33,0,9,3,1,6,-1.000000000000-0.000000000001j,-3.141592653589232
269,275,88,12 25,20,33,1,9,9,0,6,-1.000000000000+0.000000000000j,3.1415926535895125
269,270,88,12 20,25,33,2,9,3,1,6,-1.000000000000-0.000000000000j,-3.1415926535895125
270,275,88,12 33,20,25,1,3,9,1,6,-1.000000000000+0.000000000001j,3.141592653589232
270,269,88,12 20,33,25,2,3,9,1,6,-1.000000000000+0.000000000000j,3.1415926535895125
270,334,88,20 33,12,25,0,3,3,0,6,-1.000000000000-0.000000000000j,-3.1415926535895125
271,272,89,12 21,26,31,2,3,9,1,6,-1.000000000000+0.000000000000j,3.1415926535895125
271,276,89,12 26,21,31,1,3,3,0,6,-1.000000000000-0.000000000000j,-3.1415926535895125
271,340,89,21 26,12,31,0,3,9,1,6,-1.000000000000+0.000000000001j,3.141592653589232
272,276,89,12 31,21,26,1,9,3,1,6,-1.000000000000-0.000000000001j,-3.141592653589232
272,340,89,21 31,12,26,0,9,9,0,6,-1.000000000000+0.000000000000j,3.1415926535895125
272,271,89,12 21,31,26,2,9,3,1,6,-1.000000000000-0.000000000000j,-3.1415926535895125
273,313,87,22 39,12,17,0,3,9,1,6,-1.000000000000-0.000000000000j,-3.1415926535895125
273,267,87,12 22,39,17,2,3,3,0,6,-1.000000000000-0.000000000001j,-3.1415926535886705
273,268,87,12 39,22,17,1,3,9,1,6,-1.000000000000+0.000000000000j,3.1415926535895125
274,265,86,12 24,38,16,2,9,9,0,6,-1.000000000000+0.000000000001j,3.1415926535886705
274,266,86,12 38,24,16,1,9,3,1,6,-1.000000000000+0.000000000000j,3.1415926535895125
274,308,86,24 38,12,16,0,9,3,1,6,-1.000000000000-0.000000000000j,-3.1415926535895125
275,334,88,25 33,12,20,0,9,3,1,6,-1.000000000000+0.000000000000j,3.1415926535895125
275,269,88,12 25,33,20,2,9,9,0,6,-1.000000000000-0.000000000000j,-3.1415926535895125
275,270,88,12 33,25,20,1,9,3,1,6,-1.000000000000-0.000000000001j,-3.141592653589232
276,272,89,12 31,26,21,1,3,9,1,6,-1.000000000000+0.000000000001j,3.141592653589232
276,340,89,26 31,12,21,0,3,9,1,6,-1.000000000000-0.000000000000j,-3.1415926535895125
276,271,89,12 26,31,21,2,3,3,0,6,-1.000000000000+0.000000000000j,3.1415926535895125
277,264,85,12 34,29,15,1,9,3,1,6,-1.000000000000-0.000000000000j,-3.1415926535895125
277,304,85,29 34,12,15,0,9,3,1,6,-1.000000000000+0.000000000000j,3.141592653589793
277,263,85,12 29,34,15,2,9,9,0,6,-1.000000000000-0.000000000001j,-3.141592653588951
278,261,84,12 30,35,13,2,3,3,0,6,-1.000000000000-0.000000000000j,-3.1415926535895125
278,262,84,12 35,30,13,1,3,9,1,6,-1.000000000000-0.000000000001j,-3.141592653588951
278,287,84,30 35,12,13,0,3,9,1,6,-1.000000000000+0.000000000000j,3.141592653589793
279,100,33,13 22,31,4,2,9,3,1,6,-1.000000000000+0.000000000001j,3.141592653589232
279,101,33,13 31,22,4,1,9,9,0,6,-1.000000000000-0.000000000001j,-3.1415926535886705
279,118,33,22 31,13,4,0,9,3,1,6,-1.000000000000+0.000000000001j,3.141592653589232
280,130,42,13 23,33,5,2,9,3,1,6,-1.000000000000-0.000000000001j,-3.141592653589232
280,131,42,13 33,23,5,1,9,9,0,6,-1.000000000000+0.000000000001j,3.1415926535886705
280,143,42,23 33,13,5,0,9,3,1,6,-1.000000000000-0.000000000001j,-3.141592653589232
281,152,48,13 32,24,6,1,9,9,0,6,-1.000000000000+0.000000000000j,3.141592653589793
281,165,48,24 32,13,6,0,9,3,1,6,-1.000000000000-0.000000000001j,-3.141592653589232
281,151,48,13 24,32,6,2,9,3,1,6,-1.000000000000-0.000000000000j,-3.141592653589793
282,184,54,25 37,13,7,0,9,3,1,6,-1.000000000000-0.000000000001j,-3.141592653588951
282,170,54,13 25,37,7,2,9,3,1,6,-1.000000000000-0.000000000000j,-3.1415926535895125
282,171,54,13 37,25,7,1,9,9,0,6,-1.000000000000+0.000000000000j,3.141592653589793
283,202,60,26 39,13,8,0,9,3,1,6,-1.000000000000-0.000000000000j,-3.1415926535895125
283,188,60,13 26,39,8,2,9,3,1,6,-1.000000000000+0.000000000000j,3.1415926535895125
283,189,60,13 39,26,8,1,9,9,0,6,-1.000000000000-0.000000000001j,-3.141592653589232
284,221,66,27 38,13,9,0,9,3,1,6,-1.000000000000-0.000000000001j,-3.141592653588951
284,206,66,13 27,38,9,2,9,3,1,6,-1.000000000000+0.000000000000j,3.1415926535895125
284,207,66,13 38,27,9,1,9,9,0,6,-1.000000000000-0.000000000001j,-3.141592653589232
285,225,72,13 28,34,10,2,9,3,1,6,-1.000000000000+0.000000000001j,3.141592653588951
285,226,72,13 34,28,10,1,9,9,0,6,-1.000000000000-0.000000000000j,-3.1415926535895125
285,241,72,28 34,13,10,0,9,3,1,6,-1.000000000000-0.000000000001j,-3.141592653589232
286,243,78,13 29,36,11,2,9,3,1,6,-1.000000000000+0.000000000000j,3.1415926535895125
286,244,78,13 36,29,11,1,9,9,0,6,-1.000000000000-0.000000000000j,-3.1415926535895125
286,260,78,29 36,13,11,0,9,3,1,6,-1.000000000000-0.000000000001j,-3.141592653589232
287,261,84,13 30,35,12,2,9,3,1,6,-1.000000000000+0.000000000001j,3.141592653588951
287,262,84,13 35,30,12,1,9,9,0,6,-1.000000000000+0.000000000000j,3.1415926535895125
287,278,84,30 35,13,12,0,9,3,1,6,-1.000000000000+0.000000000000j,3.141592653589793
288,82,27,14 16,21,3,2,9,3,1,6,-1.000000000000+0.000000000000j,3.1415926535895125
288,83,27,14 21,16,3,1,9,9,0,6,-1.000000000000+0.000000000000j,3.141592653589793
288,86,27,16 21,14,3,0,9,3,1,6,-1.000000000000-0.000000000001j,-3.141592653588951
289,34,11,14 17,20,1,2,9,3,1,6,-1.000000000000+0.000000000000j,3.1415926535895125
289,35,11,14 20,17,1,1,9,9,0,6,-1.000000000000-0.000000000001j,-3.141592653589232
289,38,11,17 20,14,1,0,9,3,1,6,-1.000000000000-0.000000000001j,-3.141592653588951
290,58,19,14 18,19,2,2,9,3,1,6,-1.000000000000-0.000000000000j,-3.1415926535895125
290,59,19,14 19,18,2,1,9,9,0,6,-1.000000000000-0.000000000001j,-3.141592653589232
290,63,19,18 19,14,2,0,9,3,1,6,-1.000000000000-0.000000000000j,-3.1415926535895125
291,153,49,14 22,33,6,2,9,3,1,6,-1.000000000000-0.000000000001j,-3.141592653589232
291,154,49,14 33,22,6,1,9,9,0,6,-1.000000000000+0.000000000000j,3.141592653589793
291,163,49,22 33,14,6,0,9,3,1,6,-1.000000000000-0.000000000000j,-3.141592653589793
292,119,34,23 32,14,4,0,9,3,1,6,-1.000000000000+0.000000000001j,3.1415926535886705
292,102,34,14 23,32,4,2,9,3,1,6,-1.000000000000+0.000000000001j,3.1415926535886705
292,103,34,14 32,23,4,1,9,9,0,6,-1.000000000000+0.000000000000j,3.141592653589793
293,144,43,24 31,14,5,0,9,3,1,6,-1.000000000000-0.000000000000j,-3.141592653589793
293,132,43,14 24,31,5,2,9,3,1,6,-1.000000000000-0.000000000001j,-3.141592653589232
293,133,43,14 31,24,5,1,9,9,0,6,-1.000000000000+0.000000000000j,3.141592653589793
294,208,67,14 25,39,9,2,3,9,1,6,-1.000000000000+0.000000000000j,3.141592653589793
294,209,67,14 39,25,9,1,3,3,0,6,-1.000000000000+0.000000000000j,3.1415926535895125
294,220,67,25 39,14,9,0,3,9,1,6,-1.000000000000+0.000000000001j,3.141592653588951
295,185,55,26 38,14,7,0,3,9,1,6,-1.000000000000+0.000000000001j,3.141592653588951
295,172,55,14 26,38,7,2,3,9,1,6,-1.000000000000-0.000000000001j,-3.141592653589232
295,173,55,14 38,26,7,1,3,3,0,6,-1.000000000000+0.000000000000j,3.1415926535895125
296,203,61,27 37,14,8,0,3,9,1,6,-1.000000000000+0.000000000000j,3.1415926535895125
296,190,61,14 27,37,8,2,3,9,1,6,-1.000000000000-0.000000000001j,-3.141592653589232
296,191,61,14 37,27,8,1,3,3,0,6,-1.000000000000-0.000000000000j,-3.1415926535895125
297,60,20,15 16,20,2,2,3,9,1,6,-1.000000000000-0.000000000001j,-3.141592653589232
297,61,20,15 20,16,2,1,3,3,0,6,-1.000000000000+0.000000000000j,3.1415926535895125
297,62,20,16 20,15,2,0,3,9,1,6,-1.000000000000+0.000000000000j,3.1415926535895125
298,84,28,15 17,19,3,2,3,9,1,6,-1.000000000000-0.000000000001j,-3.141592653589232
298,85,28,15 19,17,3,1,3,3,0,6,-1.000000000000+0.000000000000j,3.1415926535895125
298,87,28,17 19,15,3,0,3,9,1,6,-1.000000000000+0.000000000001j,3.141592653588951
299,36,12,15 18,21,1,2,3,9,1,6,-1.000000000000+0.000000000000j,3.141592653589793
299,37,12,15 21,18,1,1,3,3,0,6,-1.000000000000-0.000000000000j,-3.141592653589513
299,39,12,18 21,15,1,0,3,9,1,6,-1.000000000000+0.000000000001j,3.141592653588951
300,142,44,22 32,15,5,0,9,3,1,6,-1.000000000000-0.000000000001j,-3.141592653589232
300,134,44,15 22,32,5,2,9,3,1,6,-1.000000000000-0.000000000000j,-3.141592653589793
300,135,44,15 32,22,5,1,9,9,0,6,-1.000000000000+0.000000000000j,3.141592653589793
301,164,50,23 31,15,6,0,9,3,1,6,-1.000000000000-0.000000000001j,-3.141592653589232
301,155,50,15 23,31,6,2,9,3,1,6,-1.000000000000-0.000000000001j,-3.141592653589232
301,156,50,15 31,23,6,1,9,9,0,6,-1.000000000000+0.000000000001j,3.1415926535886705
302,104,35,15 24,33,4,2,9,3,1,6,-1.000000000000+0.000000000001j,3.141592653589232
302,105,35,15 33,24,4,1,9,9,0,6,-1.000000000000-0.000000000001j,-3.1415926535886705
302,120,35,24 33,15,4,0,9,3,1,6,-1.000000000000+0.000000000001j,3.141592653589232
303,259,79,28 35,15,11,0,3,9,1,6,-1.000000000000+0.000000000001j,3.141592653589232
303,245,79,15 28,35,11,2,3,9,1,6,-1.000000000000-0.000000000000j,-3.1415926535895125
303,246,79,15 35,28,11,1,3,3,0,6,-1.000000000000+0.000000000000j,3.1415926535895125
304,264,85,15 34,29,12,1,3,3,0,6,-1.000000000000+0.000000000001j,3.141592653588951
304,277,85,29 34,15,12,0,3,9,1,6,-1.000000000000+0.000000000000j,3.141592653589793
304,263,85,15 29,34,12,2,3,9,1,6,-1.000000000000+0.000000000000j,3.1415926535895125
305,242,73,30 36,15,10,0,3,9,1,6,-1.000000000000+0.000000000001j,3.141592653589232
305,227,73,15 30,36,10,2,3,9,1,6,-1.000000000000-0.000000000000j,-3.1415926535895125
305,228,73,15 36,30,10,1,3,3,0,6,-1.000000000000+0.000000000001j,3.141592653588951
306,9,3,16 17,18,0,2,3,9,1,6,-1.000000000000-0.000000000001j,-3.1415926535886705
306,10,3,16 18,17,0,1,3,3,0,6,-1.000000000000+0.000000000000j,3.141592653589793
306,11,3,17 18,16,0,0,3,9,1,6,-1.000000000000-0.000000000001j,-3.1415926535886705
307,237,74,22 37,16,10,0,9,3,1,6,-1.000000000000+0.000000000000j,3.1415926535895125
307,229,74,16 22,37,10,2,9,3,1,6,-1.000000000000+0.000000000000j,3.1415926535895125
307,230,74,16 37,22,10,1,9,9,0,6,-1.000000000000+0.000000000001j,3.141592653589232
308,265,86,16 24,38,12,2,3,9,1,6,-1.000000000000-0.000000000000j,-3.1415926535895125
308,266,86,16 38,24,12,1,3,3,0,6,-1.000000000000-0.000000000001j,-3.1415926535886705
308,274,86,24 38,16,12,0,3,9,1,6,-1.000000000000+0.000000000000j,3.1415926535895125
309,121,36,25 34,16,4,0,9,3,1,6,-1.000000000000+0.000000000000j,3.141592653589793
309,106,36,16 25,34,4,2,9,3,1,6,-1.000000000000+0.000000000000j,3.141592653589793
309,107,36,16 34,25,4,1,9,9,0,6,-1.000000000000+0.000000000001j,3.141592653589232
310,168,51,27 35,16,6,0,3,9,1,6,-1.000000000000-0.000000000000j,-3.141592653589793
310,157,51,16 27,35,6,2,3,9,1,6,-1.000000000000+0.000000000001j,3.141592653589232
310,158,51,16 35,27,6,1,3,3,0,6,-1.000000000000+0.000000000000j,3.141592653589793
311,186,56,28 31,16,7,0,9,3,1,6,-1.000000000000-0.000000000000j,-3.1415926535895125
311,174,56,16 28,31,7,2,9,3,1,6,-1.000000000000-0.000000000001j,-3.141592653588951
311,175,56,16 31,28,7,1,9,9,0,6,-1.000000000000+0.000000000000j,3.141592653589793
312,210,68,16 30,32,9,2,3,9,1,6,-1.000000000000+0.000000000000j,3.1415926535895125
312,211,68,16 32,30,9,1,3,3,0,6,-1.000000000000-0.000000000000j,-3.1415926535895125
312,223,68,30 32,16,9,0,3,9,1,6,-1.000000000000-0.000000000001j,-3.141592653589232
313,273,87,22 39,17,12,0,9,3,1,6,-1.000000000000+0.000000000000j,3.1415926535895125
313,267,87,17 22,39,12,2,9,3,1,6,-1.000000000000-0.000000000000j,-3.1415926535895125
313,268,87,17 39,22,12,1,9,9,0,6,-1.000000000000+0.000000000001j,3.1415926535886705
314,248,80,17 37,24,11,1,3,3,0,6,-1.000000000000-0.000000000001j,-3.1415926535886705
314,256,80,24 37,17,11,0,3,9,1,6,-1.000000000000-0.000000000000j,-3.1415926535895125
314,247,80,17 24,37,11,2,3,9,1,6,-1.000000000000+0.000000000000j,3.1415926535895125
315,160,52,17 36,25,6,1,3,3,0,6,-1.000000000000-0.000000000001j,-3.141592653589232
315,166,52,25 36,17,6,0,3,9,1,6,-1.000000000000+0.000000000001j,3.1415926535886705
315,159,52,17 25,36,6,2,3,9,1,6,-1.000000000000+0.000000000001j,3.141592653589232
316,122,37,26 35,17,4,0,9,3,1,6,-1.000000000000-0.000000000001j,-3.1415926535886705
316,108,37,17 26,35,4,2,9,3,1,6,-1.000000000000-0.000000000001j,-3.141592653589232
316,109,37,17 35,26,4,1,9,9,0,6,-1.000000000000+0.000000000001j,3.141592653589232
317,176,57,17 29,32,7,2,3,9,1,6,-1.000000000000+0.000000000001j,3.141592653588951
317,177,57,17 32,29,7,1,3,3,0,6,-1.000000000000+0.000000000000j,3.1415926535895125
317,187,57,29 32,17,7,0,3,9,1,6,-1.000000000000-0.000000000001j,-3.141592653589232
318,192,62,17 30,31,8,2,9,3,1,6,-1.000000000000-0.000000000001j,-3.141592653588951
318,193,62,17 31,30,8,1,9,9,0,6,-1.000000000000-0.000000000001j,-3.141592653589232
318,205,62,30 31,17,8,0,9,3,1,6,-1.000000000000+0.000000000000j,3.1415926535895125
319,249,81,18 22,38,11,2,9,3,1,6,-1.000000000000+0.000000000000j,3.1415926535895125
319,250,81,18 38,22,11,1,9,9,0,6,-1.000000000000+0.000000000001j,3.1415926535886705
319,255,81,22 38,18,11,0,9,3,1,6,-1.000000000000-0.000000000000j,-3.1415926535895125
320,232,75,18 39,24,10,1,3,3,0,6,-1.000000000000-0.000000000001j,-3.141592653589232
320,238,75,24 39,18,10,0,3,9,1,6,-1.000000000000-0.000000000000j,-3.1415926535895125
320,231,75,18 24,39,10,2,3,9,1,6,-1.000000000000-0.000000000000j,-3.1415926535895125
321,161,53,18 26,34,6,2,3,9,1,6,-1.000000000000+0.000000000000j,3.141592653589793
321,162,53,18 34,26,6,1,3,3,0,6,-1.000000000000-0.000000000001j,-3.141592653589232
321,167,53,26 34,18,6,0,3,9,1,6,-1.000000000000+0.000000000000j,3.141592653589793
322,123,38,27 36,18,4,0,9,3,1,6,-1.000000000000+0.000000000000j,3.141592653589793
322,110,38,18 27,36,4,2,9,3,1,6,-1.000000000000-0.000000000001j,-3.141592653589232
322,111,38,18 36,27,4,1,9,9,0,6,-1.000000000000+0.000000000000j,3.141592653589793
323,194,63,18 28,32,8,2,3,9,1,6,-1.000000000000+0.000000000001j,3.141592653588951
323,195,63,18 32,28,8,1,3,3,0,6,-1.000000000000+0.000000000000j,3.1415926535895125
323,204,63,28 32,18,8,0,3,9,1,6,-1.000000000000+0.000000000000j,3.141592653589793
324,212,69,18 29,31,9,2,9,3,1,6,-1.000000000000-0.000000000000j,-3.1415926535895125
324,213,69,18 31,29,9,1,9,9,0,6,-1.000000000000-0.000000000001j,-3.141592653589232
324,222,69,29 31,18,9,0,9,3,1,6,-1.000000000000+0.000000000000j,3.1415926535895125
325,12,4,19 20,21,0,2,9,3,1,6,-1.000000000000+0.000000000001j,3.141592653589232
325,13,4,19 21,20,0,1,9,9,0,6,-1.000000000000-0.000000000001j,-3.141592653589232
325,14,4,20 21,19,0,0,9,3,1,6,-1.000000000000+0.000000000001j,3.1415926535886705
326,178,58,19 22,34,7,2,9,3,1,6,-1.000000000000+0.000000000000j,3.141592653589793
326,179,58,19 34,22,7,1,9,9,0,6,-1.000000000000+0.000000000000j,3.141592653589793
326,182,58,22 34,19,7,0,9,3,1,6,-1.000000000000+0.000000000000j,3.141592653589793
327,201,64,23 36,19,8,0,3,9,1,6,-1.000000000000-0.000000000001j,-3.141592653589232
327,196,64,19 23,36,8,2,3,9,1,6,-1.000000000000+0.000000000000j,3.141592653589793
327,197,64,19 36,23,8,1,3,3,0,6,-1.000000000000-0.000000000001j,-3.141592653589232
328,233,76,19 25,31,10,2,9,3,1,6,-1.000000000000-0.000000000001j,-3.141592653589232
328,234,76,19 31,25,10,1,9,9,0,6,-1.000000000000-0.000000000000j,-3.1415926535895125
328,239,76,25 31,19,10,0,9,3,1,6,-1.000000000000+0.000000000001j,3.141592653588951
329,257,82,26 33,19,11,0,3,9,1,6,-1.000000000000+0.000000000000j,3.1415926535895125
329,251,82,19 26,33,11,2,3,9,1,6,-1.000000000000+0.000000000000j,3.141592653589793
329,252,82,19 33,26,11,1,3,3,0,6,-1.000000000000+0.000000000001j,3.141592653588951
330,112,39,19 28,37,4,2,9,3,1,6,-1.000000000000-0.000000000000j,-3.141592653589793
330,113,39,19 37,28,4,1,9,9,0,6,-1.000000000000+0.000000000001j,3.141592653589232
330,124,39,28 37,19,4,0,9,3,1,6,-1.000000000000-0.000000000000j,-3.141592653589793
331,136,45,19 29,39,5,2,3,9,1,6,-1.000000000000+0.000000000000j,3.141592653589793
331,137,45,19 39,29,5,1,3,3,0,6,-1.000000000000-0.000000000001j,-3.141592653589232
331,146,45,29 39,19,5,0,3,9,1,6,-1.000000000000+0.000000000000j,3.141592653589793
332,218,70,22 36,20,9,0,9,3,1,6,-1.000000000000+0.000000000001j,3.141592653589232
332,214,70,20 22,36,9,2,9,3,1,6,-1.000000000000+0.000000000001j,3.1415926535892322
332,215,70,20 36,22,9,1,9,9,0,6,-1.000000000000+0.000000000001j,3.141592653589232
333,180,59,20 23,35,7,2,3,9,1,6,-1.000000000000-0.000000000001j,-3.141592653589232
333,181,59,20 35,23,7,1,3,3,0,6,-1.000000000000+0.000000000000j,3.141592653589793
333,183,59,23 35,20,7,0,3,9,1,6,-1.000000000000-0.000000000001j,-3.141592653589232
334,275,88,25 33,20,12,0,3,9,1,6,-1.000000000000-0.000000000000j,-3.1415926535895125
334,269,88,20 25,33,12,2,3,9,1,6,-1.000000000000+0.000000000001j,3.141592653589232
334,270,88,20 33,25,12,1,3,3,0,6,-1.000000000000+0.000000000000j,3.1415926535895125
335,258,83,27 31,20,11,0,9,3,1,6,-1.000000000000+0.000000000001j,3.141592653588951
335,253,83,20 27,31,11,2,9,3,1,6,-1.000000000000+0.000000000000j,3.141592653589793
335,254,83,20 31,27,11,1,9,9,0,6,-1.000000000000+0.000000000000j,3.1415926535895125
336,114,40,20 29,38,4,2,9,3,1,6,-1.000000000000-0.000000000001j,-3.1415926535886705
336,115,40,20 38,29,4,1,9,9,0,6,-1.000000000000+0.000000000001j,3.141592653589232
336,125,40,29 38,20,4,0,9,3,1,6,-1.000000000000-0.000000000001j,-3.141592653589232
337,138,46,20 30,37,5,2,3,9,1,6,-1.000000000000+0.000000000000j,3.141592653589793
337,139,46,20 37,30,5,1,3,3,0,6,-1.000000000000-0.000000000000j,-3.141592653589793
337,147,46,30 37,20,5,0,3,9,1,6,-1.000000000000+0.000000000001j,3.141592653589232
338,200,65,22 35,21,8,0,9,3,1,6,-1.000000000000+0.000000000001j,3.141592653589232
338,198,65,21 22,35,8,2,9,3,1,6,-1.000000000000+0.000000000001j,3.141592653589232
338,199,65,21 35,22,8,1,9,9,0,6,-1.000000000000+0.000000000001j,3.141592653589232
339,216,71,21 23,34,9,2,3,9,1,6,-1.000000000000-0.000000000001j,-3.141592653589232
339,217,71,21 34,23,9,1,3,3,0,6,-1.000000000000-0.000000000001j,-3.141592653589232
339,219,71,23 34,21,9,0,3,9,1,6,-1.000000000000+0.000000000000j,3.141592653589793
340,272,89,21 31,26,12,1,9,9,0,6,-1.000000000000-0.000000000000j,-3.1415926535895125
340,276,89,26 31,21,12,0,9,3,1,6,-1.000000000000+0.000000000000j,3.1415926535895125
340,271,89,21 26,31,12,2,9,3,1,6,-1.000000000000-0.000000000001j,-3.141592653589232
341,240,77,27 33,21,10,0,3,9,1,6,-1.000000000000-0.000000000000j,-3.1415926535895125
341,235,77,21 27,33,10,2,3,9,1,6,-1.000000000000+0.000000000001j,3.141592653589232
341,236,77,21 33,27,10,1,3,3,0,6,-1.000000000000+0.000000000001j,3.141592653588951
342,145,47,28 38,21,5,0,3,9,1,6,-1.000000000000+0.000000000001j,3.141592653589232
342,140,47,21 28,38,5,2,3,9,1,6,-1.000000000000+0.000000000001j,3.1415926535886705
342,141,47,21 38,28,5,1,3,3,0,6,-1.000000000000-0.000000000001j,-3.141592653589232
343,116,41,21 30,39,4,2,9,3,1,6,-1.000000000000-0.000000000000j,-3.141592653589793
343,117,41,21 39,30,4,1,9,9,0,6,-1.000000000000+0.000000000000j,3.141592653589793
343,126,41,30 39,21,4,0,9,3,1,6,-1.000000000000-0.000000000001j,-3.141592653589232
344,88,29,23 25,30,3,2,9,3,1,6,-1.000000000000+0.000000000001j,3.141592653589232
344,89,29,23 30,25,3,1,9,9,0,6,-1.000000000000+0.000000000000j,3.141592653589793
344,92,29,25 30,23,3,0,9,3,1,6,-1.000000000000-0.000000000001j,-3.141592653589232
345,40,13,23 26,29,1,2,9,3,1,6,-1.000000000000+0.000000000001j,3.141592653589232
345,41,13,23 29,26,1,1,9,9,0,6,-1.000000000000-0.000000000001j,-3.141592653589232
345,44,13,26 29,23,1,0,9,3,1,6,-1.000000000000+0.000000000000j,3.141592653589793
346,64,21,23 27,28,2,2,9,3,1,6,-1.000000000000+0.000000000000j,3.141592653589793
346,65,21,23 28,27,2,1,9,9,0,6,-1.000000000000-0.000000000001j,-3.141592653589232
346,69,21,27 28,23,2,0,9,3,1,6,-1.000000000000-0.000000000001j,-3.141592653589232
347,66,22,24 25,29,2,2,3,9,1,6,-1.000000000000-0.000000000001j,-3.141592653589232
347,67,22,24 29,25,2,1,3,3,0,6,-1.000000000000+0.000000000001j,3.141592653589232
347,68,22,25 29,24,2,0,3,9,1,6,-1.000000000000+0.000000000001j,3.141592653589232
348,90,30,24 26,28,3,2,3,9,1,6,-1.000000000000-0.000000000001j,-3.141592653589232
348,91,30,24 28,26,3,1,3,3,0,6,-1.000000000000+0.000000000001j,3.141592653589232
348,93,30,26 28,24,3,0,3,9,1,6,-1.000000000000+0.000000000001j,3.141592653589232
349,42,14,24 27,30,1,2,3,9,1,6,-1.000000000000-0.000000000000j,-3.141592653589793
349,43,14,24 30,27,1,1,3,3,0,6,-1.000000000000+0.000000000000j,3.141592653589793
349,45,14,27 30,24,1,0,3,9,1,6,-1.000000000000+0.000000000000j,3.141592653589793
350,16,5,25 27,26,0,1,3,3,0,6,-1.000000000000+0.000000000001j,3.141592653589232
350,17,5,26 27,25,0,0,3,9,1,6,-1.000000000000-0.000000000001j,-3.141592653589232
350,15,5,25 26,27,0,2,3,9,1,6,-1.000000000000-0.000000000001j,-3.1415926535886705
351,18,6,28 29,30,0,2,9,3,1,6,-1.000000000000+0.000000000001j,3.1415926535886705
351,19,6,28 30,29,0,1,9,9,0,6,-1.000000000000-0.000000000001j,-3.141592653589232
351,20,6,29 30,28,0,0,9,3,1,6,-1.000000000000+0.000000000001j,3.141592653589232
352,98,31,34 39,32,3,0,9,3,1,6,-1.000000000000-0.000000000000j,-3.1415926535895125
352,94,31,32 34,39,3,2,9,3,1,6,-1.000000000000+0.000000000001j,3.141592653589232
352,95,31,32 39,34,3,1,9,9,0,6,-1.000000000000+0.000000000000j,3.1415926535895125
353,50,15,35 38,32,1,0,9,3,1,6,-1.000000000000-0.000000000001j,-3.141592653588951
353,46,15,32 35,38,1,2,9,3,1,6,-1.000000000000+0.000000000001j,3.141592653589232
353,47,15,32 38,35,1,1,9,9,0,6,-1.000000000000-0.000000000000j,-3.1415926535895125
354,75,23,36 37,32,2,0,9,3,1,6,-1.000000000000-0.000000000001j,-3.141592653588951
354,70,23,32 36,37,2,2,9,3,1,6,-1.000000000000-0.000000000000j,-3.141592653589793
354,71,23,32 37,36,2,1,9,9,0,6,-1.000000000000-0.000000000000j,-3.1415926535895125
355,72,24,33 34,38,2,2,3,9,1,6,-1.000000000000-0.000000000000j,-3.1415926535895125
355,73,24,33 38,34,2,1,3,3,0,6,-1.000000000000+0.000000000001j,3.141592653589232
355,74,24,34 38,33,2,0,3,9,1,6,-1.000000000000+0.000000000001j,3.141592653588951
356,96,32,33 35,37,3,2,3,9,1,6,-1.000000000000-0.000000000000j,-3.1415926535895125
356,97,32,33 37,35,3,1,3,3,0,6,-1.000000000000+0.000000000001j,3.141592653589232
356,99,32,35 37,33,3,0,3,9,1,6,-1.000000000000+0.000000000000j,3.1415926535895125
357,48,16,33 36,39,1,2,3,9,1,6,-1.000000000000+0.000000000000j,3.1415926535895125
357,49,16,33 39,36,1,1,3,3,0,6,-1.000000000000+0.000000000000j,3.141592653589793
357,51,16,36 39,33,1,0,3,9,1,6,-1.000000000000+0.000000000001j,3.141592653588951
358,21,7,34 35,36,0,2,3,9,1,6,-1.000000000000-0.000000000001j,-3.141592653589232
358,22,7,34 36,35,0,1,3,3,0,6,-1.000000000000+0.000000000001j,3.141592653589232
358,23,7,35 36,34,0,0,3,9,1,6,-1.000000000000-0.000000000001j,-3.1415926535886705
359,24,8,37 38,39,0,2,9,3,1,6,-1.000000000000+0.000000000001j,3.1415926535886705
359,25,8,37 39,38,0,1,9,9,0,6,-1.000000000000+0.000000000000j,3.141592653589793
359,26,8,38 39,37,0,0,9,3,1,6,-1.000000000000+0.000000000001j,3.1415926535886705
