{
  "starting_state": "all choice=0 (genA for every root)",
  "greedy_rule": "flip a vertex if it decreases (#16 edges) or keeps it same and decreases total weight",
  "result": {
    "c0": 120,
    "c12": 3240,
    "c16": 0,
    "total_weight": 38880
  },
  "edge_weight_support": [
    0,
    12
  ],
  "triple_weight_support": [
    0,
    12
  ],
  "num_zero_triples": 40,
  "num_zero_edges": 120,
  "zero_edges_form_triangles": true,
  "zero_triangles_partition_vertices_by_base_point": true,
  "interpretation": "All 16-weight edge defects can be eliminated by consistent signed-lift choices. The remaining flat relations appear as exactly 40 base-point triangles (3 roots per W33 point)."
}