{
  "how_selected": "Lexicographically smallest induced E8 Dynkin subgraph in SRG(120,56,28,24) with branching node fixed at root vertex 0 (h8_int=1).",
  "selected_vertices_in_SRG120_by_dynkin_node": [
    3,
    24,
    0,
    1,
    11,
    43,
    15,
    81
  ],
  "simple_roots_span_dim": 8,
  "coxeter_relations_satisfied": true,
  "orbit_decomposition_on_H_under_reflections": [
    {
      "size": 1,
      "q": 0,
      "contains_zero": true
    },
    {
      "size": 135,
      "q": 0,
      "contains_zero": false
    },
    {
      "size": 120,
      "q": 1,
      "contains_zero": false
    }
  ],
  "key_fact": "Reflections in these 8 roots generate transitive actions on q=1 orbit (120) and q=0 nonzero orbit (135)."
}