{
  "q": 13,
  "vq_action": "bijective via cocycle renormalization",
  "goal": "Split merged q^4 orbital into q^3 and q^3(q-1) using an additional invariant.",
  "attempts": [
    "Computed commutator holonomy H_p(i,j) along i,j,i^{-1},j^{-1} loops for a generator pair; found nontrivial order-13 holonomy matrices.",
    "Tested invariant inv(p,a)=renormalized image of a under H_p; distribution uniform on F13 (no split).",
    "Tested quadratic character chi(p,a)=Legendre( H_p(a)-H_p(inf) ); not preserved under generator action (not an invariant).",
    "Observed point-stabilizer at base acts with a 12-cycle on labels, matching the q-1 orbit."
  ],
  "conclusion": "Need an H_13/commutant-derived invariant or a different cocycle-derived scalar (e.g., Bargmann 4-cycle phase) rather than raw commutator action on labels."
}