{
  "monomial_basis": [
    "1",
    "x0",
    "x1",
    "x2",
    "x3",
    "x4",
    "x5",
    "x6",
    "x7",
    "x0x1",
    "x0x2",
    "x0x3",
    "x0x4",
    "x0x5",
    "x0x6",
    "x0x7",
    "x1x2",
    "x1x3",
    "x1x4",
    "x1x5",
    "x1x6",
    "x1x7",
    "x2x3",
    "x2x4",
    "x2x5",
    "x2x6",
    "x2x7",
    "x3x4",
    "x3x5",
    "x3x6",
    "x3x7",
    "x4x5",
    "x4x6",
    "x4x7",
    "x5x6",
    "x5x7",
    "x6x7"
  ],
  "coeff_vector_length": 37,
  "q_terms_mod2": [
    "x0",
    "x1",
    "x2",
    "x5",
    "x6",
    "x7",
    "x0x1",
    "x0x4",
    "x0x6",
    "x1x3",
    "x1x7",
    "x2x5",
    "x2x6",
    "x2x7",
    "x3x4",
    "x3x5",
    "x4x5",
    "x4x7",
    "x5x6",
    "x5x7"
  ],
  "q_value_counts_all": {
    "q=0": 136,
    "q=1": 120
  },
  "q_value_counts_nonzero": {
    "q=0": 135,
    "q=1": 120
  },
  "orbit_sizes_on_nonzero": [
    120,
    135
  ],
  "representatives": {
    "rep_q0": 5,
    "rep_q1": 1
  },
  "interpretation_hint": "Nonzero vectors split into two PGSp-orbits of sizes 135 (q=0) and 120 (q=1)."
}