{
  "quotient_vertices": 40,
  "quotient_degree": 27,
  "quotient_edges": 540,
  "quotient_is_complement_of_W33": true,
  "edge_between_points_pq_condition": "Between base points p,q, the number of 12-weight edges between their 3-root triples is either 0 or 6. Adjacency iff 6.",
  "bipartite_decoration": "For adjacent p~q, the induced 3x3 bipartite graph between tri(p) and tri(q) is always K3,3 minus a perfect matching (6 edges), i.e., a 6-cycle.",
  "quotient_triangle_count": 3240,
  "holonomy_results": {
    "identity": 360,
    "three_cycle": 2880,
    "identity_exactly_nonisotropic_line_triples": true,
    "explanation": "Identity holonomy triangles correspond exactly to triples of points lying on the 90 non-isotropic lines of PG(3,3): 90 * C(4,3) = 360."
  }
}