[
  {
    "J_counts": {
      "0": 4272,
      "1": 1092,
      "2": 1116
    },
    "example": [
      0,
      1,
      8,
      17
    ],
    "flat_face_counts": {
      "0": 6480
    },
    "orbit_id": 0,
    "size": 6480
  },
  {
    "J_counts": {
      "0": 2080,
      "1": 420,
      "2": 380
    },
    "example": [
      0,
      1,
      2,
      9
    ],
    "flat_face_counts": {
      "1": 2880
    },
    "orbit_id": 1,
    "size": 2880
  },
  {
    "J_counts": {
      "0": 90
    },
    "example": [
      0,
      1,
      2,
      3
    ],
    "flat_face_counts": {
      "4": 90
    },
    "orbit_id": 2,
    "size": 90
  }
]