{
  "triangle_orbits": {
    "flat": 360,
    "curved": 2880
  },
  "tetra_orbits_sizes_ordered": [
    90,
    2880,
    6480
  ],
  "k5_orbits_sizes_ordered": [
    5184,
    8640
  ],
  "k6_orbits_sizes_ordered": [
    1440,
    8640
  ],
  "delta2G_C2_to_C3": [
    [
      0,
      0
    ],
    [
      2,
      1
    ],
    [
      0,
      0
    ]
  ],
  "delta3G_C3_to_C4": [
    [
      0,
      0,
      1
    ],
    [
      0,
      0,
      1
    ]
  ],
  "delta4G_C4_to_C5": [
    [
      0,
      0
    ],
    [
      1,
      2
    ]
  ],
  "delta5G_C5_to_C6": [
    [
      2,
      2
    ]
  ],
  "invariant_cohomology_dims": {
    "H0G": 1,
    "H1G": 1,
    "H2G": 1,
    "H3G": 1,
    "H4G": 0,
    "H5G": 0,
    "H6G": 0
  },
  "invariant_generators": {
    "H2G_rep": {
      "flat": 1,
      "curved": 1,
      "meaning": "orbit-constant 2-cochain with value 1 on both triangle orbits lies in ker(delta2G)"
    },
    "H3G_rep": {
      "tetra_orbit_90": 1,
      "tetra_orbit_2880": 0,
      "tetra_orbit_6480": 0,
      "meaning": "orbit-constant 3-cochain supported on the 90 nonisotropic line tetrahedra represents H3G class"
    }
  }
}