{
  "num_tetra_orbits": 3,
  "orbit_sizes": [
    90,
    2880,
    6480
  ],
  "orbit_descriptions": [
    {
      "size": 90,
      "example": [
        0,
        1,
        2,
        3
      ],
      "flux_counts": {
        "0": 90
      },
      "identification": "nonisotropic projective lines"
    },
    {
      "size": 2880,
      "example": [
        0,
        1,
        2,
        9
      ],
      "flux_counts": {
        "0": 2080,
        "2": 380,
        "1": 420
      },
      "identification": "other"
    },
    {
      "size": 6480,
      "example": [
        0,
        1,
        8,
        17
      ],
      "flux_counts": {
        "2": 1116,
        "1": 1092,
        "0": 4272
      },
      "identification": "other"
    }
  ]
}