{
  "counts": {
    "J_hist": {
      "0": 6442,
      "1": 1512,
      "2": 1496
    },
    "charged_by_(flat_face_count,J)": {
      "0,1": 1092,
      "0,2": 1116,
      "1,1": 420,
      "1,2": 380
    },
    "charged_nonzero": 3008,
    "flat_face_count_hist": {
      "0": 6480,
      "1": 2880,
      "4": 90
    },
    "num_tetrahedra": 9450
  },
  "inputs": {
    "holonomy_phase_decomp": "W33_holonomy_phase_decomposition_bundle.zip",
    "line_scheme_bundle": "W33_nonisotropic_line_association_scheme_bundle.zip"
  },
  "notes": {
    "m_aug_is_sum0_gauge_fix": true,
    "vacuum_line_tetrahedra_are_flux_free": true
  }
}